"source_path","manifest_staged_path","resolved_staged_path","file_name","category","extension","expected_sha256","actual_sha256","sha_match","size_bytes","static_status","static_detail","promotion_decision"
"D:\SOURCE FACTORY\prompts\stage4\DONE_LIGHT_REPORT_GENERATOR_PROMPT.txt","._staging\p0_core_import_20260730_174852\source_files\D\SOURCE_FACTORY\prompts\stage4\DONE_LIGHT_REPORT_GENERATOR_PROMPT.txt","E:\YOLLA\source-factory-core\_staging\p0_core_import_20260730_174852\source_files\D\SOURCE_FACTORY\prompts\stage4\DONE_LIGHT_REPORT_GENERATOR_PROMPT.txt","DONE_LIGHT_REPORT_GENERATOR_PROMPT.txt","P0_DAILY_QUEUE_RUNNER",".txt","eded8f96bf9b182a637a70306554d53a2ee5725a700db589a429304855745b91","8df0f51284f4c92ff4a60fcbba4f12e79b27163197e466c2c14d22c516015c39","False","4219","PASS_NO_COMPILE_CHECK_REQUIRED","","BLOCKED_SHA_MISMATCH"
"D:\SOURCE FACTORY\assembled\STAGE4_35_GREEN_CREATE_READY_ASSEMBLED_ROOT_SANDBOX\prompts\stage4\DONE_LIGHT_REPORT_GENERATOR_PROMPT.txt","._staging\p0_core_import_20260730_174852\source_files\D\SOURCE_FACTORY\assembled\STAGE4_35_GREEN_CREATE_READY_ASSEMBLED_ROOT_SANDBOX\prompts\stage4\DONE_LIGHT_REPORT_GENERATOR_PROMPT.txt","E:\YOLLA\source-factory-core\_staging\p0_core_import_20260730_174852\source_files\D\SOURCE_FACTORY\assembled\STAGE4_35_GREEN_CREATE_READY_ASSEMBLED_ROOT_SANDBOX\prompts\stage4\DONE_LIGHT_REPORT_GENERATOR_PROMPT.txt","DONE_LIGHT_REPORT_GENERATOR_PROMPT.txt","P0_DAILY_QUEUE_RUNNER",".txt","eded8f96bf9b182a637a70306554d53a2ee5725a700db589a429304855745b91","8df0f51284f4c92ff4a60fcbba4f12e79b27163197e466c2c14d22c516015c39","False","4219","PASS_NO_COMPILE_CHECK_REQUIRED","","BLOCKED_SHA_MISMATCH"
"D:\SOURCE FACTORY\assembled\20260703_STAGE4_SLIM_PANEL_RUNTIME_CANDIDATE\prompts\stage4\DONE_LIGHT_REPORT_GENERATOR_PROMPT.txt","._staging\p0_core_import_20260730_174852\source_files\D\SOURCE_FACTORY\assembled\20260703_STAGE4_SLIM_PANEL_RUNTIME_CANDIDATE\prompts\stage4\DONE_LIGHT_REPORT_GENERATOR_PROMPT.txt","E:\YOLLA\source-factory-core\_staging\p0_core_import_20260730_174852\source_files\D\SOURCE_FACTORY\assembled\20260703_STAGE4_SLIM_PANEL_RUNTIME_CANDIDATE\prompts\stage4\DONE_LIGHT_REPORT_GENERATOR_PROMPT.txt","DONE_LIGHT_REPORT_GENERATOR_PROMPT.txt","P0_DAILY_QUEUE_RUNNER",".txt","eded8f96bf9b182a637a70306554d53a2ee5725a700db589a429304855745b91","8df0f51284f4c92ff4a60fcbba4f12e79b27163197e466c2c14d22c516015c39","False","4219","PASS_NO_COMPILE_CHECK_REQUIRED","","BLOCKED_SHA_MISMATCH"
"D:\SOURCE FACTORY\assembled\STAGE4_35_GREEN_CREATE_READY_ASSEMBLED_ROOT_SANDBOX\src\shared\stage4\greenOutputAssemblyQueue.js","._staging\p0_core_import_20260730_174852\source_files\D\SOURCE_FACTORY\assembled\STAGE4_35_GREEN_CREATE_READY_ASSEMBLED_ROOT_SANDBOX\src\shared\stage4\greenOutputAssemblyQueue.js","E:\YOLLA\source-factory-core\_staging\p0_core_import_20260730_174852\source_files\D\SOURCE_FACTORY\assembled\STAGE4_35_GREEN_CREATE_READY_ASSEMBLED_ROOT_SANDBOX\src\shared\stage4\greenOutputAssemblyQueue.js","greenOutputAssemblyQueue.js","P0_DAILY_QUEUE_RUNNER",".js","5869b5f127038e8e21becabd9c61faaf5fc630595a73bb26a8092b7df318477e","eabfb6177b9e8419617e44d42329145803e8f74047ed5c6e0b706bc2d26ff26b","False","15754","PASS_NODE_CHECK","","BLOCKED_SHA_MISMATCH"
"D:\SOURCE FACTORY\assembled\20260703_STAGE4_SLIM_PANEL_RUNTIME_CANDIDATE\src\shared\stage4\greenOutputAssemblyQueue.js","._staging\p0_core_import_20260730_174852\source_files\D\SOURCE_FACTORY\assembled\20260703_STAGE4_SLIM_PANEL_RUNTIME_CANDIDATE\src\shared\stage4\greenOutputAssemblyQueue.js","E:\YOLLA\source-factory-core\_staging\p0_core_import_20260730_174852\source_files\D\SOURCE_FACTORY\assembled\20260703_STAGE4_SLIM_PANEL_RUNTIME_CANDIDATE\src\shared\stage4\greenOutputAssemblyQueue.js","greenOutputAssemblyQueue.js","P0_DAILY_QUEUE_RUNNER",".js","5869b5f127038e8e21becabd9c61faaf5fc630595a73bb26a8092b7df318477e","eabfb6177b9e8419617e44d42329145803e8f74047ed5c6e0b706bc2d26ff26b","False","15754","PASS_NODE_CHECK","","BLOCKED_SHA_MISMATCH"
"D:\SOURCE FACTORY\src\shared\stage4\greenOutputAssemblyQueue.js","._staging\p0_core_import_20260730_174852\source_files\D\SOURCE_FACTORY\src\shared\stage4\greenOutputAssemblyQueue.js","E:\YOLLA\source-factory-core\_staging\p0_core_import_20260730_174852\source_files\D\SOURCE_FACTORY\src\shared\stage4\greenOutputAssemblyQueue.js","greenOutputAssemblyQueue.js","P0_DAILY_QUEUE_RUNNER",".js","5869b5f127038e8e21becabd9c61faaf5fc630595a73bb26a8092b7df318477e","eabfb6177b9e8419617e44d42329145803e8f74047ed5c6e0b706bc2d26ff26b","False","15754","PASS_NODE_CHECK","","BLOCKED_SHA_MISMATCH"
"D:\SOURCE FACTORY\assembled\20260703_STAGE4_SLIM_PANEL_RUNTIME_CANDIDATE\src\shared\stage4\promptPackageVersionManager.js","._staging\p0_core_import_20260730_174852\source_files\D\SOURCE_FACTORY\assembled\20260703_STAGE4_SLIM_PANEL_RUNTIME_CANDIDATE\src\shared\stage4\promptPackageVersionManager.js","E:\YOLLA\source-factory-core\_staging\p0_core_import_20260730_174852\source_files\D\SOURCE_FACTORY\assembled\20260703_STAGE4_SLIM_PANEL_RUNTIME_CANDIDATE\src\shared\stage4\promptPackageVersionManager.js","promptPackageVersionManager.js","P0_DAILY_QUEUE_RUNNER",".js","d9afbca9005a143923aa170f482af3dc200c5cd71198e3a82c5cd477c26e3643","8dddcf9f3b1e31c9a4bd171278708faba1c21b4ddc984520b3fbf660a9abdaa7","False","15050","PASS_NODE_CHECK","","BLOCKED_SHA_MISMATCH"
"D:\SOURCE FACTORY\src\shared\stage4\promptPackageVersionManager.js","._staging\p0_core_import_20260730_174852\source_files\D\SOURCE_FACTORY\src\shared\stage4\promptPackageVersionManager.js","E:\YOLLA\source-factory-core\_staging\p0_core_import_20260730_174852\source_files\D\SOURCE_FACTORY\src\shared\stage4\promptPackageVersionManager.js","promptPackageVersionManager.js","P0_DAILY_QUEUE_RUNNER",".js","d69651c71d2b9f5da7391653a8687120123738dfa15ccb42eb410aace8a30354","10824fc6d5a21624f3bd74e943d270397ec46ddbda79f1788394adbda31299d1","False","20152","PASS_NODE_CHECK","","BLOCKED_SHA_MISMATCH"
"D:\SOURCE FACTORY\assembled\STAGE4_35_GREEN_CREATE_READY_ASSEMBLED_ROOT_SANDBOX\src\shared\stage4\promptPackageVersionManager.js","._staging\p0_core_import_20260730_174852\source_files\D\SOURCE_FACTORY\assembled\STAGE4_35_GREEN_CREATE_READY_ASSEMBLED_ROOT_SANDBOX\src\shared\stage4\promptPackageVersionManager.js","E:\YOLLA\source-factory-core\_staging\p0_core_import_20260730_174852\source_files\D\SOURCE_FACTORY\assembled\STAGE4_35_GREEN_CREATE_READY_ASSEMBLED_ROOT_SANDBOX\src\shared\stage4\promptPackageVersionManager.js","promptPackageVersionManager.js","P0_DAILY_QUEUE_RUNNER",".js","d9afbca9005a143923aa170f482af3dc200c5cd71198e3a82c5cd477c26e3643","8dddcf9f3b1e31c9a4bd171278708faba1c21b4ddc984520b3fbf660a9abdaa7","False","15050","PASS_NODE_CHECK","","BLOCKED_SHA_MISMATCH"
"D:\SOURCE FACTORY\assembled\20260703_STAGE4_SLIM_PANEL_RUNTIME_CANDIDATE\src\shared\stage4\promptQueueManager.js","._staging\p0_core_import_20260730_174852\source_files\D\SOURCE_FACTORY\assembled\20260703_STAGE4_SLIM_PANEL_RUNTIME_CANDIDATE\src\shared\stage4\promptQueueManager.js","E:\YOLLA\source-factory-core\_staging\p0_core_import_20260730_174852\source_files\D\SOURCE_FACTORY\assembled\20260703_STAGE4_SLIM_PANEL_RUNTIME_CANDIDATE\src\shared\stage4\promptQueueManager.js","promptQueueManager.js","P0_DAILY_QUEUE_RUNNER",".js","453ae326ddcc28872e89b658bab66ec80f7ecbcfb57ccad4e4fe631f479eacf1","8f162161e6a9276d656092b189c7ce1d683067a73608fee41e70ed69c5320b18","False","15848","PASS_NODE_CHECK","","BLOCKED_SHA_MISMATCH"
"D:\SOURCE FACTORY\assembled\STAGE4_35_GREEN_CREATE_READY_ASSEMBLED_ROOT_SANDBOX\src\shared\stage4\promptQueueManager.js","._staging\p0_core_import_20260730_174852\source_files\D\SOURCE_FACTORY\assembled\STAGE4_35_GREEN_CREATE_READY_ASSEMBLED_ROOT_SANDBOX\src\shared\stage4\promptQueueManager.js","E:\YOLLA\source-factory-core\_staging\p0_core_import_20260730_174852\source_files\D\SOURCE_FACTORY\assembled\STAGE4_35_GREEN_CREATE_READY_ASSEMBLED_ROOT_SANDBOX\src\shared\stage4\promptQueueManager.js","promptQueueManager.js","P0_DAILY_QUEUE_RUNNER",".js","453ae326ddcc28872e89b658bab66ec80f7ecbcfb57ccad4e4fe631f479eacf1","8f162161e6a9276d656092b189c7ce1d683067a73608fee41e70ed69c5320b18","False","15848","PASS_NODE_CHECK","","BLOCKED_SHA_MISMATCH"
"D:\SOURCE FACTORY\src\shared\stage4\promptQueueManager.js","._staging\p0_core_import_20260730_174852\source_files\D\SOURCE_FACTORY\src\shared\stage4\promptQueueManager.js","E:\YOLLA\source-factory-core\_staging\p0_core_import_20260730_174852\source_files\D\SOURCE_FACTORY\src\shared\stage4\promptQueueManager.js","promptQueueManager.js","P0_DAILY_QUEUE_RUNNER",".js","5b5a5fd7d4c6121effe4433eeecff2c0973d5a26bee6cb00e2e3a164905d9bd9","1d7703e5b2dc4ab290873e9c585444edbb6c0c0355d3e552d111c0ee767b21bf","False","20037","PASS_NODE_CHECK","","BLOCKED_SHA_MISMATCH"
"D:\SOURCE FACTORY\src\shared\stage4\sequentialPromptSender.js","._staging\p0_core_import_20260730_174852\source_files\D\SOURCE_FACTORY\src\shared\stage4\sequentialPromptSender.js","E:\YOLLA\source-factory-core\_staging\p0_core_import_20260730_174852\source_files\D\SOURCE_FACTORY\src\shared\stage4\sequentialPromptSender.js","sequentialPromptSender.js","P0_DAILY_QUEUE_RUNNER",".js","a4839486e52721743f837230caf97645e4456953931578cb428dc2f8a09dcb28","619a5db556cad6dfb572c8c6b398997fdb568e77b79a64bb5aa88e6b94b0e622","False","24282","PASS_NODE_CHECK","","BLOCKED_SHA_MISMATCH"
"D:\SOURCE FACTORY\assembled\20260703_STAGE4_SLIM_PANEL_RUNTIME_CANDIDATE\docs\STAGE4_W02_PROMPT_QUEUE_SEQUENTIAL_SEND_SPEC.md","._staging\p0_core_import_20260730_174852\source_files\D\SOURCE_FACTORY\assembled\20260703_STAGE4_SLIM_PANEL_RUNTIME_CANDIDATE\docs\STAGE4_W02_PROMPT_QUEUE_SEQUENTIAL_SEND_SPEC.md","E:\YOLLA\source-factory-core\_staging\p0_core_import_20260730_174852\source_files\D\SOURCE_FACTORY\assembled\20260703_STAGE4_SLIM_PANEL_RUNTIME_CANDIDATE\docs\STAGE4_W02_PROMPT_QUEUE_SEQUENTIAL_SEND_SPEC.md","STAGE4_W02_PROMPT_QUEUE_SEQUENTIAL_SEND_SPEC.md","P0_DAILY_QUEUE_RUNNER",".md","f2916bea4366343f7509d2e0f2ae944c47e4c0d7d20e169d817f6f1300f436be","76b4740b3e588a1f6b25292aa754508af3e46308d82e9a1c9ed0245bbdcffe6b","False","19962","PASS_NO_COMPILE_CHECK_REQUIRED","","BLOCKED_SHA_MISMATCH"
"D:\SOURCE FACTORY\assembled\20260703_STAGE4_SLIM_PANEL_RUNTIME_CANDIDATE\src\core\promptAutomation\stage4InstructionFileSeparator.js","._staging\p0_core_import_20260730_174852\source_files\D\SOURCE_FACTORY\assembled\20260703_STAGE4_SLIM_PANEL_RUNTIME_CANDIDATE\src\core\promptAutomation\stage4InstructionFileSeparator.js","E:\YOLLA\source-factory-core\_staging\p0_core_import_20260730_174852\source_files\D\SOURCE_FACTORY\assembled\20260703_STAGE4_SLIM_PANEL_RUNTIME_CANDIDATE\src\core\promptAutomation\stage4InstructionFileSeparator.js","stage4InstructionFileSeparator.js","P0_DAILY_QUEUE_RUNNER",".js","b5cbbcf73f101d00e044f68f6f1352aa87a9911b76257d5317da0348b6c1cc94","04f26bd21b3f65854aad8455b19ea5f6136cc003845668d436f7892383a48c0f","False","20552","PASS_NODE_CHECK","","BLOCKED_SHA_MISMATCH"
"D:\SOURCE FACTORY\assembled\20260703_STAGE4_SLIM_PANEL_RUNTIME_CANDIDATE\src\core\panelControl\stage4LaoValidationQueueModel.js","._staging\p0_core_import_20260730_174852\source_files\D\SOURCE_FACTORY\assembled\20260703_STAGE4_SLIM_PANEL_RUNTIME_CANDIDATE\src\core\panelControl\stage4LaoValidationQueueModel.js","E:\YOLLA\source-factory-core\_staging\p0_core_import_20260730_174852\source_files\D\SOURCE_FACTORY\assembled\20260703_STAGE4_SLIM_PANEL_RUNTIME_CANDIDATE\src\core\panelControl\stage4LaoValidationQueueModel.js","stage4LaoValidationQueueModel.js","P0_DAILY_QUEUE_RUNNER",".js","c3bf743554bb895fc9731c836e174c993a979d8fe8449d4d464472d6056df211","0289524b265530039b6343c068d95dfd34ea165e9bf3d16dadf9848b35ba35e7","False","17168","PASS_NODE_CHECK","","BLOCKED_SHA_MISMATCH"
"D:\SOURCE FACTORY\assembled\20260703_STAGE4_SLIM_PANEL_RUNTIME_CANDIDATE\src\renderer\panelAutomation\stage4PromptAutomationDashboard.js","._staging\p0_core_import_20260730_174852\source_files\D\SOURCE_FACTORY\assembled\20260703_STAGE4_SLIM_PANEL_RUNTIME_CANDIDATE\src\renderer\panelAutomation\stage4PromptAutomationDashboard.js","E:\YOLLA\source-factory-core\_staging\p0_core_import_20260730_174852\source_files\D\SOURCE_FACTORY\assembled\20260703_STAGE4_SLIM_PANEL_RUNTIME_CANDIDATE\src\renderer\panelAutomation\stage4PromptAutomationDashboard.js","stage4PromptAutomationDashboard.js","P0_DAILY_QUEUE_RUNNER",".js","5e59814d42b711db4c41f17fcaca4accca47a51865d094135f614fbdedc1b25b","9792dac85042dbebdb7eb5ef844e0f253efcef3396419e5680860a30d9925fc9","False","11678","PASS_NODE_CHECK","","BLOCKED_SHA_MISMATCH"
"D:\SOURCE FACTORY\assembled\20260703_STAGE4_SLIM_PANEL_RUNTIME_CANDIDATE\src\core\promptAutomation\stage4PromptCompletionDetector.js","._staging\p0_core_import_20260730_174852\source_files\D\SOURCE_FACTORY\assembled\20260703_STAGE4_SLIM_PANEL_RUNTIME_CANDIDATE\src\core\promptAutomation\stage4PromptCompletionDetector.js","E:\YOLLA\source-factory-core\_staging\p0_core_import_20260730_174852\source_files\D\SOURCE_FACTORY\assembled\20260703_STAGE4_SLIM_PANEL_RUNTIME_CANDIDATE\src\core\promptAutomation\stage4PromptCompletionDetector.js","stage4PromptCompletionDetector.js","P0_DAILY_QUEUE_RUNNER",".js","9332e61e5cdbc3cc467d46c84ddb95e317935c3e5f1c7298066ac7634b158ddd","ac2b3b6a0ba50e7c72ff792eeaf1c63d6817afbbcd39f22429d67f7a8b445f84","False","19356","PASS_NODE_CHECK","","BLOCKED_SHA_MISMATCH"
"D:\SOURCE FACTORY\assembled\20260703_STAGE4_SLIM_PANEL_RUNTIME_CANDIDATE\src\core\promptAutomation\stage4PromptLibraryModel.js","._staging\p0_core_import_20260730_174852\source_files\D\SOURCE_FACTORY\assembled\20260703_STAGE4_SLIM_PANEL_RUNTIME_CANDIDATE\src\core\promptAutomation\stage4PromptLibraryModel.js","E:\YOLLA\source-factory-core\_staging\p0_core_import_20260730_174852\source_files\D\SOURCE_FACTORY\assembled\20260703_STAGE4_SLIM_PANEL_RUNTIME_CANDIDATE\src\core\promptAutomation\stage4PromptLibraryModel.js","stage4PromptLibraryModel.js","P0_DAILY_QUEUE_RUNNER",".js","adeddca649d97ceebfa675c1760a95893e3a234779a2a4989306a7aaeae15531","7c9ee913fa002b668e369c0dfd13c42d2f0be26f6dab10801a637a6551c52b4e","False","11363","PASS_NODE_CHECK","","BLOCKED_SHA_MISMATCH"
"D:\SOURCE FACTORY\generated\20260702182627_MANUAL_STAGE4_GATE_EXTRACTED\PROJECT_FILES\src\core\promptAutomation\stage4PromptLibraryModel.js","._staging\p0_core_import_20260730_174852\source_files\D\SOURCE_FACTORY\generated\20260702182627_MANUAL_STAGE4_GATE_EXTRACTED\PROJECT_FILES\src\core\promptAutomation\stage4PromptLibraryModel.js","E:\YOLLA\source-factory-core\_staging\p0_core_import_20260730_174852\source_files\D\SOURCE_FACTORY\generated\20260702182627_MANUAL_STAGE4_GATE_EXTRACTED\PROJECT_FILES\src\core\promptAutomation\stage4PromptLibraryModel.js","stage4PromptLibraryModel.js","P0_DAILY_QUEUE_RUNNER",".js","adeddca649d97ceebfa675c1760a95893e3a234779a2a4989306a7aaeae15531","7c9ee913fa002b668e369c0dfd13c42d2f0be26f6dab10801a637a6551c52b4e","False","11363","PASS_NODE_CHECK","","BLOCKED_SHA_MISMATCH"
"D:\SOURCE FACTORY\generated\20260703_040451_037_STAGE4_PANEL_GATE_EXTRACTED\PROJECT_FILES\src\core\promptAutomation\stage4PromptLibraryModel.js","._staging\p0_core_import_20260730_174852\source_files\D\SOURCE_FACTORY\generated\20260703_040451_037_STAGE4_PANEL_GATE_EXTRACTED\PROJECT_FILES\src\core\promptAutomation\stage4PromptLibraryModel.js","E:\YOLLA\source-factory-core\_staging\p0_core_import_20260730_174852\source_files\D\SOURCE_FACTORY\generated\20260703_040451_037_STAGE4_PANEL_GATE_EXTRACTED\PROJECT_FILES\src\core\promptAutomation\stage4PromptLibraryModel.js","stage4PromptLibraryModel.js","P0_DAILY_QUEUE_RUNNER",".js","adeddca649d97ceebfa675c1760a95893e3a234779a2a4989306a7aaeae15531","7c9ee913fa002b668e369c0dfd13c42d2f0be26f6dab10801a637a6551c52b4e","False","11363","PASS_NODE_CHECK","","BLOCKED_SHA_MISMATCH"
"D:\SOURCE FACTORY\assembled\20260703_STAGE4_SLIM_PANEL_RUNTIME_CANDIDATE\src\core\promptAutomation\stage4PromptPackageModel.js","._staging\p0_core_import_20260730_174852\source_files\D\SOURCE_FACTORY\assembled\20260703_STAGE4_SLIM_PANEL_RUNTIME_CANDIDATE\src\core\promptAutomation\stage4PromptPackageModel.js","E:\YOLLA\source-factory-core\_staging\p0_core_import_20260730_174852\source_files\D\SOURCE_FACTORY\assembled\20260703_STAGE4_SLIM_PANEL_RUNTIME_CANDIDATE\src\core\promptAutomation\stage4PromptPackageModel.js","stage4PromptPackageModel.js","P0_DAILY_QUEUE_RUNNER",".js","0b8c62236d1fc45e9c24bbd9a36d777f9d7125ac7d18b4e59a23382918f29628","567f78aab6ecacd3e13940c22b72676085010bb13d8e7bf2fb14d076a00a5bf1","False","13901","PASS_NODE_CHECK","","BLOCKED_SHA_MISMATCH"
"D:\SOURCE FACTORY\generated\20260702182627_MANUAL_STAGE4_GATE_EXTRACTED\PROJECT_FILES\src\core\promptAutomation\stage4PromptPackageModel.js","._staging\p0_core_import_20260730_174852\source_files\D\SOURCE_FACTORY\generated\20260702182627_MANUAL_STAGE4_GATE_EXTRACTED\PROJECT_FILES\src\core\promptAutomation\stage4PromptPackageModel.js","E:\YOLLA\source-factory-core\_staging\p0_core_import_20260730_174852\source_files\D\SOURCE_FACTORY\generated\20260702182627_MANUAL_STAGE4_GATE_EXTRACTED\PROJECT_FILES\src\core\promptAutomation\stage4PromptPackageModel.js","stage4PromptPackageModel.js","P0_DAILY_QUEUE_RUNNER",".js","0b8c62236d1fc45e9c24bbd9a36d777f9d7125ac7d18b4e59a23382918f29628","567f78aab6ecacd3e13940c22b72676085010bb13d8e7bf2fb14d076a00a5bf1","False","13901","PASS_NODE_CHECK","","BLOCKED_SHA_MISMATCH"
"D:\SOURCE FACTORY\generated\20260703_040451_037_STAGE4_PANEL_GATE_EXTRACTED\PROJECT_FILES\src\core\promptAutomation\stage4PromptPackageModel.js","._staging\p0_core_import_20260730_174852\source_files\D\SOURCE_FACTORY\generated\20260703_040451_037_STAGE4_PANEL_GATE_EXTRACTED\PROJECT_FILES\src\core\promptAutomation\stage4PromptPackageModel.js","E:\YOLLA\source-factory-core\_staging\p0_core_import_20260730_174852\source_files\D\SOURCE_FACTORY\generated\20260703_040451_037_STAGE4_PANEL_GATE_EXTRACTED\PROJECT_FILES\src\core\promptAutomation\stage4PromptPackageModel.js","stage4PromptPackageModel.js","P0_DAILY_QUEUE_RUNNER",".js","0b8c62236d1fc45e9c24bbd9a36d777f9d7125ac7d18b4e59a23382918f29628","567f78aab6ecacd3e13940c22b72676085010bb13d8e7bf2fb14d076a00a5bf1","False","13901","PASS_NODE_CHECK","","BLOCKED_SHA_MISMATCH"
"D:\SOURCE FACTORY\assembled\20260703_STAGE4_SLIM_PANEL_RUNTIME_CANDIDATE\src\core\promptAutomation\stage4PromptPauseResumeController.js","._staging\p0_core_import_20260730_174852\source_files\D\SOURCE_FACTORY\assembled\20260703_STAGE4_SLIM_PANEL_RUNTIME_CANDIDATE\src\core\promptAutomation\stage4PromptPauseResumeController.js","E:\YOLLA\source-factory-core\_staging\p0_core_import_20260730_174852\source_files\D\SOURCE_FACTORY\assembled\20260703_STAGE4_SLIM_PANEL_RUNTIME_CANDIDATE\src\core\promptAutomation\stage4PromptPauseResumeController.js","stage4PromptPauseResumeController.js","P0_DAILY_QUEUE_RUNNER",".js","aab263b475e65d99e1531866073f9712fc2f940c1fbfbff31a66e17d091af3cd","8ca293400094c1aa05d365ba0695cd130d9cb0a4da52d58e255e590055f9f016","False","25200","PASS_NODE_CHECK","","BLOCKED_SHA_MISMATCH"
"D:\SOURCE FACTORY\assembled\20260703_STAGE4_SLIM_PANEL_RUNTIME_CANDIDATE\src\core\promptAutomation\stage4PromptQueueModel.js","._staging\p0_core_import_20260730_174852\source_files\D\SOURCE_FACTORY\assembled\20260703_STAGE4_SLIM_PANEL_RUNTIME_CANDIDATE\src\core\promptAutomation\stage4PromptQueueModel.js","E:\YOLLA\source-factory-core\_staging\p0_core_import_20260730_174852\source_files\D\SOURCE_FACTORY\assembled\20260703_STAGE4_SLIM_PANEL_RUNTIME_CANDIDATE\src\core\promptAutomation\stage4PromptQueueModel.js","stage4PromptQueueModel.js","P0_DAILY_QUEUE_RUNNER",".js","f9a4dc48f76298716d3ff96cf4af07fb8f8f294752de5ea4493b3b3832fd5def","7d7e205b999def75aa4862b8b82ebcc3466d7bba58076f8c0db703ab6d525576","False","21164","PASS_NODE_CHECK","","BLOCKED_SHA_MISMATCH"
"D:\SOURCE FACTORY\assembled\20260703_STAGE4_SLIM_PANEL_RUNTIME_CANDIDATE\src\renderer\panelAutomation\stage4PromptQueueViewModel.js","._staging\p0_core_import_20260730_174852\source_files\D\SOURCE_FACTORY\assembled\20260703_STAGE4_SLIM_PANEL_RUNTIME_CANDIDATE\src\renderer\panelAutomation\stage4PromptQueueViewModel.js","E:\YOLLA\source-factory-core\_staging\p0_core_import_20260730_174852\source_files\D\SOURCE_FACTORY\assembled\20260703_STAGE4_SLIM_PANEL_RUNTIME_CANDIDATE\src\renderer\panelAutomation\stage4PromptQueueViewModel.js","stage4PromptQueueViewModel.js","P0_DAILY_QUEUE_RUNNER",".js","bde60c126cca1e402dfe84bfe2ba6fb243e2c1f91872e4ca794b68c13db9e7e1","fe1a265da1bc038daeb3a7962eff00504229d3d2a9968a2a6ab6d1a7022d716a","False","23680","PASS_NODE_CHECK","","BLOCKED_SHA_MISMATCH"
"D:\SOURCE FACTORY\assembled\20260703_STAGE4_SLIM_PANEL_RUNTIME_CANDIDATE\src\core\promptAutomation\stage4PromptRetryPolicy.js","._staging\p0_core_import_20260730_174852\source_files\D\SOURCE_FACTORY\assembled\20260703_STAGE4_SLIM_PANEL_RUNTIME_CANDIDATE\src\core\promptAutomation\stage4PromptRetryPolicy.js","E:\YOLLA\source-factory-core\_staging\p0_core_import_20260730_174852\source_files\D\SOURCE_FACTORY\assembled\20260703_STAGE4_SLIM_PANEL_RUNTIME_CANDIDATE\src\core\promptAutomation\stage4PromptRetryPolicy.js","stage4PromptRetryPolicy.js","P0_DAILY_QUEUE_RUNNER",".js","0036cc79ecb21b57989ad1c5118a451554ea0f56c0f77c30d473ef3baa1a643b","9ca9c89e5f836a97a9cc9a884d1b569c501ad55076272df9d3314891d7f91d98","False","18194","PASS_NODE_CHECK","","BLOCKED_SHA_MISMATCH"
"D:\SOURCE FACTORY\assembled\20260703_STAGE4_SLIM_PANEL_RUNTIME_CANDIDATE\src\core\promptAutomation\stage4PromptRunStateModel.js","._staging\p0_core_import_20260730_174852\source_files\D\SOURCE_FACTORY\assembled\20260703_STAGE4_SLIM_PANEL_RUNTIME_CANDIDATE\src\core\promptAutomation\stage4PromptRunStateModel.js","E:\YOLLA\source-factory-core\_staging\p0_core_import_20260730_174852\source_files\D\SOURCE_FACTORY\assembled\20260703_STAGE4_SLIM_PANEL_RUNTIME_CANDIDATE\src\core\promptAutomation\stage4PromptRunStateModel.js","stage4PromptRunStateModel.js","P0_DAILY_QUEUE_RUNNER",".js","02b5c1f927f1abfcc81c734857250881b6329c22e0544ff57f8463ddd328f878","ffca56c98df8baf72c3f72e1f8d0db0e0872611bd2e4552cec69fc054ad93572","False","17826","PASS_NODE_CHECK","","BLOCKED_SHA_MISMATCH"
"D:\SOURCE FACTORY\_PROJECTS\STAGE4_DEFAULT_PROJECT\PROMPT_QUEUE\stage4-run-prompt-queue__20260703_023051_194.txt","._staging\p0_core_import_20260730_174852\source_files\D\SOURCE_FACTORY\_PROJECTS\STAGE4_DEFAULT_PROJECT\PROMPT_QUEUE\stage4-run-prompt-queue__20260703_023051_194.txt","E:\YOLLA\source-factory-core\_staging\p0_core_import_20260730_174852\source_files\D\SOURCE_FACTORY\_PROJECTS\STAGE4_DEFAULT_PROJECT\PROMPT_QUEUE\stage4-run-prompt-queue__20260703_023051_194.txt","stage4-run-prompt-queue__20260703_023051_194.txt","P0_DAILY_QUEUE_RUNNER",".txt","f06a01a7ddc3d2bbc1a3b6ce04bb43f5bb73cbb06977c6fc8adfacd957a1afb6","5c54e05440b27e660bf0bf6d8a20be04faadda2444cf0e016a85ce40b6f0f397","False","32","PASS_NO_COMPILE_CHECK_REQUIRED","","BLOCKED_SHA_MISMATCH"
"D:\SOURCE FACTORY\_PROJECTS\STAGE4_DEFAULT_PROJECT\PROMPT_QUEUE\stage4-run-prompt-queue__20260703_023057_729.txt","._staging\p0_core_import_20260730_174852\source_files\D\SOURCE_FACTORY\_PROJECTS\STAGE4_DEFAULT_PROJECT\PROMPT_QUEUE\stage4-run-prompt-queue__20260703_023057_729.txt","E:\YOLLA\source-factory-core\_staging\p0_core_import_20260730_174852\source_files\D\SOURCE_FACTORY\_PROJECTS\STAGE4_DEFAULT_PROJECT\PROMPT_QUEUE\stage4-run-prompt-queue__20260703_023057_729.txt","stage4-run-prompt-queue__20260703_023057_729.txt","P0_DAILY_QUEUE_RUNNER",".txt","f06a01a7ddc3d2bbc1a3b6ce04bb43f5bb73cbb06977c6fc8adfacd957a1afb6","5c54e05440b27e660bf0bf6d8a20be04faadda2444cf0e016a85ce40b6f0f397","False","32","PASS_NO_COMPILE_CHECK_REQUIRED","","BLOCKED_SHA_MISMATCH"
"D:\SOURCE FACTORY\_PROJECTS\STAGE4_DEFAULT_PROJECT\PROMPT_QUEUE\stage4-run-prompt-queue__20260703_023103_697.txt","._staging\p0_core_import_20260730_174852\source_files\D\SOURCE_FACTORY\_PROJECTS\STAGE4_DEFAULT_PROJECT\PROMPT_QUEUE\stage4-run-prompt-queue__20260703_023103_697.txt","E:\YOLLA\source-factory-core\_staging\p0_core_import_20260730_174852\source_files\D\SOURCE_FACTORY\_PROJECTS\STAGE4_DEFAULT_PROJECT\PROMPT_QUEUE\stage4-run-prompt-queue__20260703_023103_697.txt","stage4-run-prompt-queue__20260703_023103_697.txt","P0_DAILY_QUEUE_RUNNER",".txt","f06a01a7ddc3d2bbc1a3b6ce04bb43f5bb73cbb06977c6fc8adfacd957a1afb6","5c54e05440b27e660bf0bf6d8a20be04faadda2444cf0e016a85ce40b6f0f397","False","32","PASS_NO_COMPILE_CHECK_REQUIRED","","BLOCKED_SHA_MISMATCH"
"D:\SOURCE FACTORY\_PROJECTS\STAGE4_DEFAULT_PROJECT\PROMPT_QUEUE\stage4-run-prompt-queue__20260703_023104_826.txt","._staging\p0_core_import_20260730_174852\source_files\D\SOURCE_FACTORY\_PROJECTS\STAGE4_DEFAULT_PROJECT\PROMPT_QUEUE\stage4-run-prompt-queue__20260703_023104_826.txt","E:\YOLLA\source-factory-core\_staging\p0_core_import_20260730_174852\source_files\D\SOURCE_FACTORY\_PROJECTS\STAGE4_DEFAULT_PROJECT\PROMPT_QUEUE\stage4-run-prompt-queue__20260703_023104_826.txt","stage4-run-prompt-queue__20260703_023104_826.txt","P0_DAILY_QUEUE_RUNNER",".txt","f06a01a7ddc3d2bbc1a3b6ce04bb43f5bb73cbb06977c6fc8adfacd957a1afb6","5c54e05440b27e660bf0bf6d8a20be04faadda2444cf0e016a85ce40b6f0f397","False","32","PASS_NO_COMPILE_CHECK_REQUIRED","","BLOCKED_SHA_MISMATCH"
"D:\SOURCE FACTORY\_PROJECTS\STAGE4_DEFAULT_PROJECT\PROMPT_QUEUE\stage4-run-prompt-queue__20260703_023231_537.txt","._staging\p0_core_import_20260730_174852\source_files\D\SOURCE_FACTORY\_PROJECTS\STAGE4_DEFAULT_PROJECT\PROMPT_QUEUE\stage4-run-prompt-queue__20260703_023231_537.txt","E:\YOLLA\source-factory-core\_staging\p0_core_import_20260730_174852\source_files\D\SOURCE_FACTORY\_PROJECTS\STAGE4_DEFAULT_PROJECT\PROMPT_QUEUE\stage4-run-prompt-queue__20260703_023231_537.txt","stage4-run-prompt-queue__20260703_023231_537.txt","P0_DAILY_QUEUE_RUNNER",".txt","f06a01a7ddc3d2bbc1a3b6ce04bb43f5bb73cbb06977c6fc8adfacd957a1afb6","5c54e05440b27e660bf0bf6d8a20be04faadda2444cf0e016a85ce40b6f0f397","False","32","PASS_NO_COMPILE_CHECK_REQUIRED","","BLOCKED_SHA_MISMATCH"
"D:\SOURCE FACTORY\_PROJECTS\STAGE4_DEFAULT_PROJECT\PROMPT_QUEUE\stage4-run-prompt-queue__20260703_023232_317.txt","._staging\p0_core_import_20260730_174852\source_files\D\SOURCE_FACTORY\_PROJECTS\STAGE4_DEFAULT_PROJECT\PROMPT_QUEUE\stage4-run-prompt-queue__20260703_023232_317.txt","E:\YOLLA\source-factory-core\_staging\p0_core_import_20260730_174852\source_files\D\SOURCE_FACTORY\_PROJECTS\STAGE4_DEFAULT_PROJECT\PROMPT_QUEUE\stage4-run-prompt-queue__20260703_023232_317.txt","stage4-run-prompt-queue__20260703_023232_317.txt","P0_DAILY_QUEUE_RUNNER",".txt","f06a01a7ddc3d2bbc1a3b6ce04bb43f5bb73cbb06977c6fc8adfacd957a1afb6","5c54e05440b27e660bf0bf6d8a20be04faadda2444cf0e016a85ce40b6f0f397","False","32","PASS_NO_COMPILE_CHECK_REQUIRED","","BLOCKED_SHA_MISMATCH"
"D:\SOURCE FACTORY\_PROJECTS\STAGE4_DEFAULT_PROJECT\PROMPT_QUEUE\stage4-run-prompt-queue__20260703_023233_305.txt","._staging\p0_core_import_20260730_174852\source_files\D\SOURCE_FACTORY\_PROJECTS\STAGE4_DEFAULT_PROJECT\PROMPT_QUEUE\stage4-run-prompt-queue__20260703_023233_305.txt","E:\YOLLA\source-factory-core\_staging\p0_core_import_20260730_174852\source_files\D\SOURCE_FACTORY\_PROJECTS\STAGE4_DEFAULT_PROJECT\PROMPT_QUEUE\stage4-run-prompt-queue__20260703_023233_305.txt","stage4-run-prompt-queue__20260703_023233_305.txt","P0_DAILY_QUEUE_RUNNER",".txt","f06a01a7ddc3d2bbc1a3b6ce04bb43f5bb73cbb06977c6fc8adfacd957a1afb6","5c54e05440b27e660bf0bf6d8a20be04faadda2444cf0e016a85ce40b6f0f397","False","32","PASS_NO_COMPILE_CHECK_REQUIRED","","BLOCKED_SHA_MISMATCH"
"D:\SOURCE FACTORY\_PROJECTS\STAGE4_DEFAULT_PROJECT\PROMPT_QUEUE\stage4-run-prompt-queue__20260703_023234_129.txt","._staging\p0_core_import_20260730_174852\source_files\D\SOURCE_FACTORY\_PROJECTS\STAGE4_DEFAULT_PROJECT\PROMPT_QUEUE\stage4-run-prompt-queue__20260703_023234_129.txt","E:\YOLLA\source-factory-core\_staging\p0_core_import_20260730_174852\source_files\D\SOURCE_FACTORY\_PROJECTS\STAGE4_DEFAULT_PROJECT\PROMPT_QUEUE\stage4-run-prompt-queue__20260703_023234_129.txt","stage4-run-prompt-queue__20260703_023234_129.txt","P0_DAILY_QUEUE_RUNNER",".txt","f06a01a7ddc3d2bbc1a3b6ce04bb43f5bb73cbb06977c6fc8adfacd957a1afb6","5c54e05440b27e660bf0bf6d8a20be04faadda2444cf0e016a85ce40b6f0f397","False","32","PASS_NO_COMPILE_CHECK_REQUIRED","","BLOCKED_SHA_MISMATCH"
"D:\SOURCE FACTORY\_PROJECTS\STAGE4_DEFAULT_PROJECT\PROMPT_QUEUE\stage4-run-prompt-queue__20260703_023234_662.txt","._staging\p0_core_import_20260730_174852\source_files\D\SOURCE_FACTORY\_PROJECTS\STAGE4_DEFAULT_PROJECT\PROMPT_QUEUE\stage4-run-prompt-queue__20260703_023234_662.txt","E:\YOLLA\source-factory-core\_staging\p0_core_import_20260730_174852\source_files\D\SOURCE_FACTORY\_PROJECTS\STAGE4_DEFAULT_PROJECT\PROMPT_QUEUE\stage4-run-prompt-queue__20260703_023234_662.txt","stage4-run-prompt-queue__20260703_023234_662.txt","P0_DAILY_QUEUE_RUNNER",".txt","f06a01a7ddc3d2bbc1a3b6ce04bb43f5bb73cbb06977c6fc8adfacd957a1afb6","5c54e05440b27e660bf0bf6d8a20be04faadda2444cf0e016a85ce40b6f0f397","False","32","PASS_NO_COMPILE_CHECK_REQUIRED","","BLOCKED_SHA_MISMATCH"
"D:\SOURCE FACTORY\_PROJECTS\STAGE4_DEFAULT_PROJECT\PROMPT_QUEUE\stage4-run-prompt-queue__20260703_023235_196.txt","._staging\p0_core_import_20260730_174852\source_files\D\SOURCE_FACTORY\_PROJECTS\STAGE4_DEFAULT_PROJECT\PROMPT_QUEUE\stage4-run-prompt-queue__20260703_023235_196.txt","E:\YOLLA\source-factory-core\_staging\p0_core_import_20260730_174852\source_files\D\SOURCE_FACTORY\_PROJECTS\STAGE4_DEFAULT_PROJECT\PROMPT_QUEUE\stage4-run-prompt-queue__20260703_023235_196.txt","stage4-run-prompt-queue__20260703_023235_196.txt","P0_DAILY_QUEUE_RUNNER",".txt","f06a01a7ddc3d2bbc1a3b6ce04bb43f5bb73cbb06977c6fc8adfacd957a1afb6","5c54e05440b27e660bf0bf6d8a20be04faadda2444cf0e016a85ce40b6f0f397","False","32","PASS_NO_COMPILE_CHECK_REQUIRED","","BLOCKED_SHA_MISMATCH"
"D:\SOURCE FACTORY\_PROJECTS\STAGE4_DEFAULT_PROJECT\PROMPT_QUEUE\stage4-run-prompt-queue__20260703_023235_791.txt","._staging\p0_core_import_20260730_174852\source_files\D\SOURCE_FACTORY\_PROJECTS\STAGE4_DEFAULT_PROJECT\PROMPT_QUEUE\stage4-run-prompt-queue__20260703_023235_791.txt","E:\YOLLA\source-factory-core\_staging\p0_core_import_20260730_174852\source_files\D\SOURCE_FACTORY\_PROJECTS\STAGE4_DEFAULT_PROJECT\PROMPT_QUEUE\stage4-run-prompt-queue__20260703_023235_791.txt","stage4-run-prompt-queue__20260703_023235_791.txt","P0_DAILY_QUEUE_RUNNER",".txt","f06a01a7ddc3d2bbc1a3b6ce04bb43f5bb73cbb06977c6fc8adfacd957a1afb6","5c54e05440b27e660bf0bf6d8a20be04faadda2444cf0e016a85ce40b6f0f397","False","32","PASS_NO_COMPILE_CHECK_REQUIRED","","BLOCKED_SHA_MISMATCH"
"D:\SOURCE FACTORY\_PROJECTS\STAGE4_DEFAULT_PROJECT\PROMPT_QUEUE\stage4-run-prompt-queue__20260703_023236_517.txt","._staging\p0_core_import_20260730_174852\source_files\D\SOURCE_FACTORY\_PROJECTS\STAGE4_DEFAULT_PROJECT\PROMPT_QUEUE\stage4-run-prompt-queue__20260703_023236_517.txt","E:\YOLLA\source-factory-core\_staging\p0_core_import_20260730_174852\source_files\D\SOURCE_FACTORY\_PROJECTS\STAGE4_DEFAULT_PROJECT\PROMPT_QUEUE\stage4-run-prompt-queue__20260703_023236_517.txt","stage4-run-prompt-queue__20260703_023236_517.txt","P0_DAILY_QUEUE_RUNNER",".txt","f06a01a7ddc3d2bbc1a3b6ce04bb43f5bb73cbb06977c6fc8adfacd957a1afb6","5c54e05440b27e660bf0bf6d8a20be04faadda2444cf0e016a85ce40b6f0f397","False","32","PASS_NO_COMPILE_CHECK_REQUIRED","","BLOCKED_SHA_MISMATCH"
"D:\SOURCE FACTORY\_PROJECTS\STAGE4_DEFAULT_PROJECT\PROMPT_QUEUE\stage4-run-prompt-queue__20260703_023237_208.txt","._staging\p0_core_import_20260730_174852\source_files\D\SOURCE_FACTORY\_PROJECTS\STAGE4_DEFAULT_PROJECT\PROMPT_QUEUE\stage4-run-prompt-queue__20260703_023237_208.txt","E:\YOLLA\source-factory-core\_staging\p0_core_import_20260730_174852\source_files\D\SOURCE_FACTORY\_PROJECTS\STAGE4_DEFAULT_PROJECT\PROMPT_QUEUE\stage4-run-prompt-queue__20260703_023237_208.txt","stage4-run-prompt-queue__20260703_023237_208.txt","P0_DAILY_QUEUE_RUNNER",".txt","f06a01a7ddc3d2bbc1a3b6ce04bb43f5bb73cbb06977c6fc8adfacd957a1afb6","5c54e05440b27e660bf0bf6d8a20be04faadda2444cf0e016a85ce40b6f0f397","False","32","PASS_NO_COMPILE_CHECK_REQUIRED","","BLOCKED_SHA_MISMATCH"
"D:\SOURCE FACTORY\_PROJECTS\STAGE4_DEFAULT_PROJECT\PROMPT_QUEUE\stage4-run-prompt-queue__20260703_023237_882.txt","._staging\p0_core_import_20260730_174852\source_files\D\SOURCE_FACTORY\_PROJECTS\STAGE4_DEFAULT_PROJECT\PROMPT_QUEUE\stage4-run-prompt-queue__20260703_023237_882.txt","E:\YOLLA\source-factory-core\_staging\p0_core_import_20260730_174852\source_files\D\SOURCE_FACTORY\_PROJECTS\STAGE4_DEFAULT_PROJECT\PROMPT_QUEUE\stage4-run-prompt-queue__20260703_023237_882.txt","stage4-run-prompt-queue__20260703_023237_882.txt","P0_DAILY_QUEUE_RUNNER",".txt","f06a01a7ddc3d2bbc1a3b6ce04bb43f5bb73cbb06977c6fc8adfacd957a1afb6","5c54e05440b27e660bf0bf6d8a20be04faadda2444cf0e016a85ce40b6f0f397","False","32","PASS_NO_COMPILE_CHECK_REQUIRED","","BLOCKED_SHA_MISMATCH"
"D:\SOURCE FACTORY\_PROJECTS\STAGE4_DEFAULT_PROJECT\PROMPT_QUEUE\stage4-run-prompt-queue__20260703_023238_661.txt","._staging\p0_core_import_20260730_174852\source_files\D\SOURCE_FACTORY\_PROJECTS\STAGE4_DEFAULT_PROJECT\PROMPT_QUEUE\stage4-run-prompt-queue__20260703_023238_661.txt","E:\YOLLA\source-factory-core\_staging\p0_core_import_20260730_174852\source_files\D\SOURCE_FACTORY\_PROJECTS\STAGE4_DEFAULT_PROJECT\PROMPT_QUEUE\stage4-run-prompt-queue__20260703_023238_661.txt","stage4-run-prompt-queue__20260703_023238_661.txt","P0_DAILY_QUEUE_RUNNER",".txt","f06a01a7ddc3d2bbc1a3b6ce04bb43f5bb73cbb06977c6fc8adfacd957a1afb6","5c54e05440b27e660bf0bf6d8a20be04faadda2444cf0e016a85ce40b6f0f397","False","32","PASS_NO_COMPILE_CHECK_REQUIRED","","BLOCKED_SHA_MISMATCH"
"D:\SOURCE FACTORY\_PROJECTS\STAGE4_DEFAULT_PROJECT\PROMPT_QUEUE\stage4-run-prompt-queue__20260703_023239_378.txt","._staging\p0_core_import_20260730_174852\source_files\D\SOURCE_FACTORY\_PROJECTS\STAGE4_DEFAULT_PROJECT\PROMPT_QUEUE\stage4-run-prompt-queue__20260703_023239_378.txt","E:\YOLLA\source-factory-core\_staging\p0_core_import_20260730_174852\source_files\D\SOURCE_FACTORY\_PROJECTS\STAGE4_DEFAULT_PROJECT\PROMPT_QUEUE\stage4-run-prompt-queue__20260703_023239_378.txt","stage4-run-prompt-queue__20260703_023239_378.txt","P0_DAILY_QUEUE_RUNNER",".txt","f06a01a7ddc3d2bbc1a3b6ce04bb43f5bb73cbb06977c6fc8adfacd957a1afb6","5c54e05440b27e660bf0bf6d8a20be04faadda2444cf0e016a85ce40b6f0f397","False","32","PASS_NO_COMPILE_CHECK_REQUIRED","","BLOCKED_SHA_MISMATCH"
"D:\SOURCE FACTORY\_PROJECTS\STAGE4_DEFAULT_PROJECT\PROMPT_QUEUE\stage4-run-prompt-queue__20260703_024728_450.txt","._staging\p0_core_import_20260730_174852\source_files\D\SOURCE_FACTORY\_PROJECTS\STAGE4_DEFAULT_PROJECT\PROMPT_QUEUE\stage4-run-prompt-queue__20260703_024728_450.txt","E:\YOLLA\source-factory-core\_staging\p0_core_import_20260730_174852\source_files\D\SOURCE_FACTORY\_PROJECTS\STAGE4_DEFAULT_PROJECT\PROMPT_QUEUE\stage4-run-prompt-queue__20260703_024728_450.txt","stage4-run-prompt-queue__20260703_024728_450.txt","P0_DAILY_QUEUE_RUNNER",".txt","f06a01a7ddc3d2bbc1a3b6ce04bb43f5bb73cbb06977c6fc8adfacd957a1afb6","5c54e05440b27e660bf0bf6d8a20be04faadda2444cf0e016a85ce40b6f0f397","False","32","PASS_NO_COMPILE_CHECK_REQUIRED","","BLOCKED_SHA_MISMATCH"
"D:\SOURCE FACTORY\_PROJECTS\STAGE4_DEFAULT_PROJECT\PROMPT_QUEUE\stage4-run-prompt-queue__20260703_040013_017.txt","._staging\p0_core_import_20260730_174852\source_files\D\SOURCE_FACTORY\_PROJECTS\STAGE4_DEFAULT_PROJECT\PROMPT_QUEUE\stage4-run-prompt-queue__20260703_040013_017.txt","E:\YOLLA\source-factory-core\_staging\p0_core_import_20260730_174852\source_files\D\SOURCE_FACTORY\_PROJECTS\STAGE4_DEFAULT_PROJECT\PROMPT_QUEUE\stage4-run-prompt-queue__20260703_040013_017.txt","stage4-run-prompt-queue__20260703_040013_017.txt","P0_DAILY_QUEUE_RUNNER",".txt","f06a01a7ddc3d2bbc1a3b6ce04bb43f5bb73cbb06977c6fc8adfacd957a1afb6","5c54e05440b27e660bf0bf6d8a20be04faadda2444cf0e016a85ce40b6f0f397","False","32","PASS_NO_COMPILE_CHECK_REQUIRED","","BLOCKED_SHA_MISMATCH"
"D:\SOURCE FACTORY\assembled\20260703_STAGE4_SLIM_PANEL_RUNTIME_CANDIDATE\src\core\promptAutomation\stage4SequentialPromptSender.js","._staging\p0_core_import_20260730_174852\source_files\D\SOURCE_FACTORY\assembled\20260703_STAGE4_SLIM_PANEL_RUNTIME_CANDIDATE\src\core\promptAutomation\stage4SequentialPromptSender.js","E:\YOLLA\source-factory-core\_staging\p0_core_import_20260730_174852\source_files\D\SOURCE_FACTORY\assembled\20260703_STAGE4_SLIM_PANEL_RUNTIME_CANDIDATE\src\core\promptAutomation\stage4SequentialPromptSender.js","stage4SequentialPromptSender.js","P0_DAILY_QUEUE_RUNNER",".js","d424f8edf02041a1cf5a1128d183634861f20624ab9e965beb4676ab94c65918","8ddff9f95e071f278fab763ff5de2bf14cfed6e3f759e4f17d2d85f353e9e178","False","29155","PASS_NODE_CHECK","","BLOCKED_SHA_MISMATCH"
"D:\SOURCE FACTORY\assembled\20260703_STAGE4_SLIM_PANEL_RUNTIME_CANDIDATE\src\core\promptAutomation\stage4TaeoAutosaveController.js","._staging\p0_core_import_20260730_174852\source_files\D\SOURCE_FACTORY\assembled\20260703_STAGE4_SLIM_PANEL_RUNTIME_CANDIDATE\src\core\promptAutomation\stage4TaeoAutosaveController.js","E:\YOLLA\source-factory-core\_staging\p0_core_import_20260730_174852\source_files\D\SOURCE_FACTORY\assembled\20260703_STAGE4_SLIM_PANEL_RUNTIME_CANDIDATE\src\core\promptAutomation\stage4TaeoAutosaveController.js","stage4TaeoAutosaveController.js","P0_DAILY_QUEUE_RUNNER",".js","f133effbdb21a2f938cc69df317c35b60fc88dec2b466d05daf39639c095e87c","d646c5bbef613b8b4fcab279b15409723ac5a3c9c234a87dffa459713416b131","False","17809","PASS_NODE_CHECK","","BLOCKED_SHA_MISMATCH"
"D:\SOURCE FACTORY\assembled\20260703_STAGE4_SLIM_PANEL_RUNTIME_CANDIDATE\src\core\promptAutomation\stage4TaeoRawOutputStore.js","._staging\p0_core_import_20260730_174852\source_files\D\SOURCE_FACTORY\assembled\20260703_STAGE4_SLIM_PANEL_RUNTIME_CANDIDATE\src\core\promptAutomation\stage4TaeoRawOutputStore.js","E:\YOLLA\source-factory-core\_staging\p0_core_import_20260730_174852\source_files\D\SOURCE_FACTORY\assembled\20260703_STAGE4_SLIM_PANEL_RUNTIME_CANDIDATE\src\core\promptAutomation\stage4TaeoRawOutputStore.js","stage4TaeoRawOutputStore.js","P0_DAILY_QUEUE_RUNNER",".js","d23ecbbd6768ccb9a9ca8c8b32eb12479575f1821544be1dca755f19c6e359a4","d4447379d2eecd7a374d535746a7dd26c6ceeed4220113c43f6c5c7350812295","False","11458","PASS_NODE_CHECK","","BLOCKED_SHA_MISMATCH"
"D:\SOURCE FACTORY\assembled\20260703_STAGE4_SLIM_PANEL_RUNTIME_CANDIDATE\src\core\promptAutomation\stage4TaeoResponseStabilityDetector.js","._staging\p0_core_import_20260730_174852\source_files\D\SOURCE_FACTORY\assembled\20260703_STAGE4_SLIM_PANEL_RUNTIME_CANDIDATE\src\core\promptAutomation\stage4TaeoResponseStabilityDetector.js","E:\YOLLA\source-factory-core\_staging\p0_core_import_20260730_174852\source_files\D\SOURCE_FACTORY\assembled\20260703_STAGE4_SLIM_PANEL_RUNTIME_CANDIDATE\src\core\promptAutomation\stage4TaeoResponseStabilityDetector.js","stage4TaeoResponseStabilityDetector.js","P0_DAILY_QUEUE_RUNNER",".js","e7ef0343250dde3bc33473f02156a51f2f54b321406424451213012d7c63007b","03caaf19357f234258af95bd09476315bae85da3554cc0addc549a559cb2e40d","False","10621","PASS_NODE_CHECK","","BLOCKED_SHA_MISMATCH"
"D:\SOURCE FACTORY\assembled\20260703_STAGE4_SLIM_PANEL_RUNTIME_CANDIDATE\src\core\panelControl\stage4TaeraResourceQueue.js","._staging\p0_core_import_20260730_174852\source_files\D\SOURCE_FACTORY\assembled\20260703_STAGE4_SLIM_PANEL_RUNTIME_CANDIDATE\src\core\panelControl\stage4TaeraResourceQueue.js","E:\YOLLA\source-factory-core\_staging\p0_core_import_20260730_174852\source_files\D\SOURCE_FACTORY\assembled\20260703_STAGE4_SLIM_PANEL_RUNTIME_CANDIDATE\src\core\panelControl\stage4TaeraResourceQueue.js","stage4TaeraResourceQueue.js","P0_DAILY_QUEUE_RUNNER",".js","fdc93ccb2b9c762d67fa22ca55399a1df7f7c60049f2a9c663e8cd5fe12c8b21","e6ebef83335036a3dd9a3f95038a87ccf7413d8e2a4d46c349207bb162a98249","False","32044","PASS_NODE_CHECK","","BLOCKED_SHA_MISMATCH"
"D:\SOURCE FACTORY\assembled\20260701_01_STAGE1_BROWSER\CONSTITUTION\NEW_COMMANDER_START_PROMPT_v1.txt","._staging\p0_core_import_20260730_174852\source_files\D\SOURCE_FACTORY\assembled\20260701_01_STAGE1_BROWSER\CONSTITUTION\NEW_COMMANDER_START_PROMPT_v1.txt","E:\YOLLA\source-factory-core\_staging\p0_core_import_20260730_174852\source_files\D\SOURCE_FACTORY\assembled\20260701_01_STAGE1_BROWSER\CONSTITUTION\NEW_COMMANDER_START_PROMPT_v1.txt","NEW_COMMANDER_START_PROMPT_v1.txt","P0_GPT_BROWSER_BRIDGE",".txt","002daeb0ac13b8dc0fef25c1b358ed7f3a427910afdf241826970c504ef0d268","e185aeca6cfd07efd29dc6d5ca4f938e2d87a690ba815c3555b6f3f8b372df6d","False","1221","PASS_NO_COMPILE_CHECK_REQUIRED","","BLOCKED_SHA_MISMATCH"
"D:\SOURCE FACTORY\assembled\20260701_01_STAGE1_BROWSER\CONSTITUTION\README_CONSTITUTION_PACKAGE.md","._staging\p0_core_import_20260730_174852\source_files\D\SOURCE_FACTORY\assembled\20260701_01_STAGE1_BROWSER\CONSTITUTION\README_CONSTITUTION_PACKAGE.md","E:\YOLLA\source-factory-core\_staging\p0_core_import_20260730_174852\source_files\D\SOURCE_FACTORY\assembled\20260701_01_STAGE1_BROWSER\CONSTITUTION\README_CONSTITUTION_PACKAGE.md","README_CONSTITUTION_PACKAGE.md","P0_GPT_BROWSER_BRIDGE",".md","04602df50bd1c0d9b7a55ef6b7629f21d6f59adbcd78989e91371917148b7f6c","ddced26e70ea6670d9b40bf5d3956061ba3a7f8a740c782ac9e9021d4c1d81b2","False","1119","PASS_NO_COMPILE_CHECK_REQUIRED","","BLOCKED_SHA_MISMATCH"
"D:\SOURCE FACTORY\stage4_apply_packages\_tmp_node_check\W60_R13F_I_RENDERER_IDENTITY_SUMMARY_SELECTOR_HOTFIX\self_apply.js","._staging\p0_core_import_20260730_174852\source_files\D\SOURCE_FACTORY\stage4_apply_packages\_tmp_node_check\W60_R13F_I_RENDERER_IDENTITY_SUMMARY_SELECTOR_HOTFIX\self_apply.js","E:\YOLLA\source-factory-core\_staging\p0_core_import_20260730_174852\source_files\D\SOURCE_FACTORY\stage4_apply_packages\_tmp_node_check\W60_R13F_I_RENDERER_IDENTITY_SUMMARY_SELECTOR_HOTFIX\self_apply.js","self_apply.js","P0_GPT_BROWSER_BRIDGE",".js","82193d98511ad1cc55679b1fcbb1cc0e8b2b5b6082b4a2abd78cb728bb0f4b0c","b3a3a7c6eb2c5940e8a44584cc2a701d27df8b06107662c8aa12cd29594321c1","False","11651","PASS_NODE_CHECK","","BLOCKED_SHA_MISMATCH"
"D:\SOURCE FACTORY\assembled\20260703_STAGE4_SLIM_PANEL_RUNTIME_CANDIDATE\STAGE4_WINDOWS_LOCAL_ASSEMBLED_SMOKE_CHECKER_20260704\STAGE4_35_FILE_EXPECTED_INVENTORY.json","._staging\p0_core_import_20260730_174852\source_files\D\SOURCE_FACTORY\assembled\20260703_STAGE4_SLIM_PANEL_RUNTIME_CANDIDATE\STAGE4_WINDOWS_LOCAL_ASSEMBLED_SMOKE_CHECKER_20260704\STAGE4_35_FILE_EXPECTED_INVENTORY.json","E:\YOLLA\source-factory-core\_staging\p0_core_import_20260730_174852\source_files\D\SOURCE_FACTORY\assembled\20260703_STAGE4_SLIM_PANEL_RUNTIME_CANDIDATE\STAGE4_WINDOWS_LOCAL_ASSEMBLED_SMOKE_CHECKER_20260704\STAGE4_35_FILE_EXPECTED_INVENTORY.json","STAGE4_35_FILE_EXPECTED_INVENTORY.json","P0_GPT_BROWSER_BRIDGE",".json","9de0059f032d497ce7993a11e00c680b5b1a3f9080adae5c2842a78fb2d75dc7","519dbf52548ac6b1a31723a523e7da7985f2132cb4203bc0d4bbe950bc815a2d","False","10386","PASS_JSON_PARSE","","BLOCKED_SHA_MISMATCH"
"D:\SOURCE FACTORY\assembled\20260703_STAGE4_SLIM_PANEL_RUNTIME_CANDIDATE\_FORCE_SFAPI_BRIDGE_BACKUP_20260701_033231\src\main\stage4HardWindowControl.js","._staging\p0_core_import_20260730_174852\source_files\D\SOURCE_FACTORY\assembled\20260703_STAGE4_SLIM_PANEL_RUNTIME_CANDIDATE\_FORCE_SFAPI_BRIDGE_BACKUP_20260701_033231\src\main\stage4HardWindowControl.js","E:\YOLLA\source-factory-core\_staging\p0_core_import_20260730_174852\source_files\D\SOURCE_FACTORY\assembled\20260703_STAGE4_SLIM_PANEL_RUNTIME_CANDIDATE\_FORCE_SFAPI_BRIDGE_BACKUP_20260701_033231\src\main\stage4HardWindowControl.js","stage4HardWindowControl.js","P0_GPT_BROWSER_BRIDGE",".js","f64bc1c7d3d97ab1a344cb65743dcf72efe619ec9d06e72f27ef23f0248f2c7d","f7777d0f8a29722bbbc3ea54c2f00f8ddd90fbfd9ccb79be8e87a698d66315ca","False","10446","PASS_NODE_CHECK","","BLOCKED_SHA_MISMATCH"
"D:\SOURCE FACTORY\assembled\20260703_STAGE4_SLIM_PANEL_RUNTIME_CANDIDATE\_FORCE_SFAPI_BRIDGE_BACKUP_20260701_033308\src\main\stage4HardWindowControl.js","._staging\p0_core_import_20260730_174852\source_files\D\SOURCE_FACTORY\assembled\20260703_STAGE4_SLIM_PANEL_RUNTIME_CANDIDATE\_FORCE_SFAPI_BRIDGE_BACKUP_20260701_033308\src\main\stage4HardWindowControl.js","E:\YOLLA\source-factory-core\_staging\p0_core_import_20260730_174852\source_files\D\SOURCE_FACTORY\assembled\20260703_STAGE4_SLIM_PANEL_RUNTIME_CANDIDATE\_FORCE_SFAPI_BRIDGE_BACKUP_20260701_033308\src\main\stage4HardWindowControl.js","stage4HardWindowControl.js","P0_GPT_BROWSER_BRIDGE",".js","f64bc1c7d3d97ab1a344cb65743dcf72efe619ec9d06e72f27ef23f0248f2c7d","f7777d0f8a29722bbbc3ea54c2f00f8ddd90fbfd9ccb79be8e87a698d66315ca","False","10446","PASS_NODE_CHECK","","BLOCKED_SHA_MISMATCH"
"D:\SOURCE FACTORY\assembled\20260703_STAGE4_SLIM_PANEL_RUNTIME_CANDIDATE\src\main\stage4HardWindowControl.js","._staging\p0_core_import_20260730_174852\source_files\D\SOURCE_FACTORY\assembled\20260703_STAGE4_SLIM_PANEL_RUNTIME_CANDIDATE\src\main\stage4HardWindowControl.js","E:\YOLLA\source-factory-core\_staging\p0_core_import_20260730_174852\source_files\D\SOURCE_FACTORY\assembled\20260703_STAGE4_SLIM_PANEL_RUNTIME_CANDIDATE\src\main\stage4HardWindowControl.js","stage4HardWindowControl.js","P0_GPT_BROWSER_BRIDGE",".js","bb8303c060cabfda2fa851e2f5ace7967040ae2e89334d2d3a8e4f5c518ea2ff","54b65fbaea667a91b984c814f28a63f6f167ca3c839d60ed39b5701246a639a4","False","10447","PASS_NODE_CHECK","","BLOCKED_SHA_MISMATCH"
"D:\SOURCE FACTORY\stage4_apply_packages\W60_R13F_I_RENDERER_IDENTITY_SUMMARY_SELECTOR_HOTFIX_APPLY.js","._staging\p0_core_import_20260730_174852\source_files\D\SOURCE_FACTORY\stage4_apply_packages\W60_R13F_I_RENDERER_IDENTITY_SUMMARY_SELECTOR_HOTFIX_APPLY.js","E:\YOLLA\source-factory-core\_staging\p0_core_import_20260730_174852\source_files\D\SOURCE_FACTORY\stage4_apply_packages\W60_R13F_I_RENDERER_IDENTITY_SUMMARY_SELECTOR_HOTFIX_APPLY.js","W60_R13F_I_RENDERER_IDENTITY_SUMMARY_SELECTOR_HOTFIX_APPLY.js","P0_GPT_BROWSER_BRIDGE",".js","82193d98511ad1cc55679b1fcbb1cc0e8b2b5b6082b4a2abd78cb728bb0f4b0c","b3a3a7c6eb2c5940e8a44584cc2a701d27df8b06107662c8aa12cd29594321c1","False","11651","PASS_NODE_CHECK","","BLOCKED_SHA_MISMATCH"
"D:\SOURCE FACTORY\assembled\20260703_STAGE4_SLIM_PANEL_RUNTIME_CANDIDATE\src\main\windowManager.js","._staging\p0_core_import_20260730_174852\source_files\D\SOURCE_FACTORY\assembled\20260703_STAGE4_SLIM_PANEL_RUNTIME_CANDIDATE\src\main\windowManager.js","E:\YOLLA\source-factory-core\_staging\p0_core_import_20260730_174852\source_files\D\SOURCE_FACTORY\assembled\20260703_STAGE4_SLIM_PANEL_RUNTIME_CANDIDATE\src\main\windowManager.js","windowManager.js","P0_GPT_BROWSER_BRIDGE",".js","b30706181d3f3d5a26a1103a2bd5f9845294c257ceb83553170f96b52386fd56","dada42c3a07ab6e63df531cefafca0e0375cbfa81484448bc9da540792f9646e","False","11120","PASS_NODE_CHECK","","BLOCKED_SHA_MISMATCH"
"D:\SOURCE FACTORY\assembled\20260701_05_STAGE2_RUNTIME_APP\browsers\WORKER_01\raw_outputs\WORKER_01__FULL_OUTPUT__20260701_034610_267.json","._staging\p0_core_import_20260730_174852\source_files\D\SOURCE_FACTORY\assembled\20260701_05_STAGE2_RUNTIME_APP\browsers\WORKER_01\raw_outputs\WORKER_01__FULL_OUTPUT__20260701_034610_267.json","E:\YOLLA\source-factory-core\_staging\p0_core_import_20260730_174852\source_files\D\SOURCE_FACTORY\assembled\20260701_05_STAGE2_RUNTIME_APP\browsers\WORKER_01\raw_outputs\WORKER_01__FULL_OUTPUT__20260701_034610_267.json","WORKER_01__FULL_OUTPUT__20260701_034610_267.json","P0_GPT_BROWSER_BRIDGE",".json","4b0dbccabdc59f58671bcd802e8599d4b4eb2b292fcf14ce9e8265e353d83590","091d86e4ac6def703e53f32fc6b74256877d45983109380b3957c04980f9d36e","False","1199","PASS_JSON_PARSE","","BLOCKED_SHA_MISMATCH"
"D:\SOURCE FACTORY\assembled\20260701_06_STAGE3_WORKER_OUTPUT_SYNTAX_HOTFIX_RUNTIME_APP\browsers\WORKER_01\raw_outputs\WORKER_01__FULL_OUTPUT__20260701_034610_267.json","._staging\p0_core_import_20260730_174852\source_files\D\SOURCE_FACTORY\assembled\20260701_06_STAGE3_WORKER_OUTPUT_SYNTAX_HOTFIX_RUNTIME_APP\browsers\WORKER_01\raw_outputs\WORKER_01__FULL_OUTPUT__20260701_034610_267.json","E:\YOLLA\source-factory-core\_staging\p0_core_import_20260730_174852\source_files\D\SOURCE_FACTORY\assembled\20260701_06_STAGE3_WORKER_OUTPUT_SYNTAX_HOTFIX_RUNTIME_APP\browsers\WORKER_01\raw_outputs\WORKER_01__FULL_OUTPUT__20260701_034610_267.json","WORKER_01__FULL_OUTPUT__20260701_034610_267.json","P0_GPT_BROWSER_BRIDGE",".json","4b0dbccabdc59f58671bcd802e8599d4b4eb2b292fcf14ce9e8265e353d83590","091d86e4ac6def703e53f32fc6b74256877d45983109380b3957c04980f9d36e","False","1199","PASS_JSON_PARSE","","BLOCKED_SHA_MISMATCH"
"D:\SOURCE FACTORY\assembled\20260701_07_STAGE3_RUNTIME_VALIDATED_INTEGRATED_APP\browsers\WORKER_01\raw_outputs\WORKER_01__FULL_OUTPUT__20260701_034610_267.json","._staging\p0_core_import_20260730_174852\source_files\D\SOURCE_FACTORY\assembled\20260701_07_STAGE3_RUNTIME_VALIDATED_INTEGRATED_APP\browsers\WORKER_01\raw_outputs\WORKER_01__FULL_OUTPUT__20260701_034610_267.json","E:\YOLLA\source-factory-core\_staging\p0_core_import_20260730_174852\source_files\D\SOURCE_FACTORY\assembled\20260701_07_STAGE3_RUNTIME_VALIDATED_INTEGRATED_APP\browsers\WORKER_01\raw_outputs\WORKER_01__FULL_OUTPUT__20260701_034610_267.json","WORKER_01__FULL_OUTPUT__20260701_034610_267.json","P0_GPT_BROWSER_BRIDGE",".json","4b0dbccabdc59f58671bcd802e8599d4b4eb2b292fcf14ce9e8265e353d83590","091d86e4ac6def703e53f32fc6b74256877d45983109380b3957c04980f9d36e","False","1199","PASS_JSON_PARSE","","BLOCKED_SHA_MISMATCH"
"D:\SOURCE FACTORY\assembled\20260701_08_STAGE3_IPC_ORDER_FIX_APP\browsers\WORKER_01\raw_outputs\WORKER_01__FULL_OUTPUT__20260701_034610_267.json","._staging\p0_core_import_20260730_174852\source_files\D\SOURCE_FACTORY\assembled\20260701_08_STAGE3_IPC_ORDER_FIX_APP\browsers\WORKER_01\raw_outputs\WORKER_01__FULL_OUTPUT__20260701_034610_267.json","E:\YOLLA\source-factory-core\_staging\p0_core_import_20260730_174852\source_files\D\SOURCE_FACTORY\assembled\20260701_08_STAGE3_IPC_ORDER_FIX_APP\browsers\WORKER_01\raw_outputs\WORKER_01__FULL_OUTPUT__20260701_034610_267.json","WORKER_01__FULL_OUTPUT__20260701_034610_267.json","P0_GPT_BROWSER_BRIDGE",".json","4b0dbccabdc59f58671bcd802e8599d4b4eb2b292fcf14ce9e8265e353d83590","091d86e4ac6def703e53f32fc6b74256877d45983109380b3957c04980f9d36e","False","1199","PASS_JSON_PARSE","","BLOCKED_SHA_MISMATCH"
"D:\SOURCE FACTORY\assembled\20260701_03_STAGE2_INTEGRATED_backup_before_recreate_20260701_061007\browsers\WORKER_01\raw_outputs\WORKER_01__FULL_OUTPUT__20260701_034610_267.json","._staging\p0_core_import_20260730_174852\source_files\D\SOURCE_FACTORY\assembled\20260701_03_STAGE2_INTEGRATED_backup_before_recreate_20260701_061007\browsers\WORKER_01\raw_outputs\WORKER_01__FULL_OUTPUT__20260701_034610_267.json","E:\YOLLA\source-factory-core\_staging\p0_core_import_20260730_174852\source_files\D\SOURCE_FACTORY\assembled\20260701_03_STAGE2_INTEGRATED_backup_before_recreate_20260701_061007\browsers\WORKER_01\raw_outputs\WORKER_01__FULL_OUTPUT__20260701_034610_267.json","WORKER_01__FULL_OUTPUT__20260701_034610_267.json","P0_GPT_BROWSER_BRIDGE",".json","4b0dbccabdc59f58671bcd802e8599d4b4eb2b292fcf14ce9e8265e353d83590","091d86e4ac6def703e53f32fc6b74256877d45983109380b3957c04980f9d36e","False","1199","PASS_JSON_PARSE","","BLOCKED_SHA_MISMATCH"
"D:\SOURCE FACTORY\assembled\20260701_03_STAGE2_INTEGRATED\browsers\WORKER_01\raw_outputs\WORKER_01__FULL_OUTPUT__20260701_034610_267.json","._staging\p0_core_import_20260730_174852\source_files\D\SOURCE_FACTORY\assembled\20260701_03_STAGE2_INTEGRATED\browsers\WORKER_01\raw_outputs\WORKER_01__FULL_OUTPUT__20260701_034610_267.json","E:\YOLLA\source-factory-core\_staging\p0_core_import_20260730_174852\source_files\D\SOURCE_FACTORY\assembled\20260701_03_STAGE2_INTEGRATED\browsers\WORKER_01\raw_outputs\WORKER_01__FULL_OUTPUT__20260701_034610_267.json","WORKER_01__FULL_OUTPUT__20260701_034610_267.json","P0_GPT_BROWSER_BRIDGE",".json","4b0dbccabdc59f58671bcd802e8599d4b4eb2b292fcf14ce9e8265e353d83590","091d86e4ac6def703e53f32fc6b74256877d45983109380b3957c04980f9d36e","False","1199","PASS_JSON_PARSE","","BLOCKED_SHA_MISMATCH"
"D:\SOURCE FACTORY\_ASSEMBLY_RECORDS\2026-07-01\STAGE1_BROWSER_V0_1_RUNTIME_PASS\raw_outputs\WORKER_01__FULL_OUTPUT__20260701_034610_267.json","._staging\p0_core_import_20260730_174852\source_files\D\SOURCE_FACTORY\_ASSEMBLY_RECORDS\2026-07-01\STAGE1_BROWSER_V0_1_RUNTIME_PASS\raw_outputs\WORKER_01__FULL_OUTPUT__20260701_034610_267.json","E:\YOLLA\source-factory-core\_staging\p0_core_import_20260730_174852\source_files\D\SOURCE_FACTORY\_ASSEMBLY_RECORDS\2026-07-01\STAGE1_BROWSER_V0_1_RUNTIME_PASS\raw_outputs\WORKER_01__FULL_OUTPUT__20260701_034610_267.json","WORKER_01__FULL_OUTPUT__20260701_034610_267.json","P0_GPT_BROWSER_BRIDGE",".json","4b0dbccabdc59f58671bcd802e8599d4b4eb2b292fcf14ce9e8265e353d83590","091d86e4ac6def703e53f32fc6b74256877d45983109380b3957c04980f9d36e","False","1199","PASS_JSON_PARSE","","BLOCKED_SHA_MISMATCH"
"D:\SOURCE FACTORY\assembled\20260701_01_STAGE1_BROWSER\browsers\WORKER_01\raw_outputs\WORKER_01__FULL_OUTPUT__20260701_034610_267.json","._staging\p0_core_import_20260730_174852\source_files\D\SOURCE_FACTORY\assembled\20260701_01_STAGE1_BROWSER\browsers\WORKER_01\raw_outputs\WORKER_01__FULL_OUTPUT__20260701_034610_267.json","E:\YOLLA\source-factory-core\_staging\p0_core_import_20260730_174852\source_files\D\SOURCE_FACTORY\assembled\20260701_01_STAGE1_BROWSER\browsers\WORKER_01\raw_outputs\WORKER_01__FULL_OUTPUT__20260701_034610_267.json","WORKER_01__FULL_OUTPUT__20260701_034610_267.json","P0_GPT_BROWSER_BRIDGE",".json","4b0dbccabdc59f58671bcd802e8599d4b4eb2b292fcf14ce9e8265e353d83590","091d86e4ac6def703e53f32fc6b74256877d45983109380b3957c04980f9d36e","False","1199","PASS_JSON_PARSE","","BLOCKED_SHA_MISMATCH"
"D:\SOURCE FACTORY\assembled\20260703_STAGE4_SLIM_PANEL_RUNTIME_CANDIDATE\browsers\WORKER_01\raw_outputs\WORKER_01__FULL_OUTPUT__20260701_034610_267.json","._staging\p0_core_import_20260730_174852\source_files\D\SOURCE_FACTORY\assembled\20260703_STAGE4_SLIM_PANEL_RUNTIME_CANDIDATE\browsers\WORKER_01\raw_outputs\WORKER_01__FULL_OUTPUT__20260701_034610_267.json","E:\YOLLA\source-factory-core\_staging\p0_core_import_20260730_174852\source_files\D\SOURCE_FACTORY\assembled\20260703_STAGE4_SLIM_PANEL_RUNTIME_CANDIDATE\browsers\WORKER_01\raw_outputs\WORKER_01__FULL_OUTPUT__20260701_034610_267.json","WORKER_01__FULL_OUTPUT__20260701_034610_267.json","P0_GPT_BROWSER_BRIDGE",".json","4b0dbccabdc59f58671bcd802e8599d4b4eb2b292fcf14ce9e8265e353d83590","091d86e4ac6def703e53f32fc6b74256877d45983109380b3957c04980f9d36e","False","1199","PASS_JSON_PARSE","","BLOCKED_SHA_MISMATCH"
"D:\SOURCE FACTORY\assembled\20260701_14_STAGE3_COMMANDER_RETURN_MESSAGE_VIEW_FIX_APP\browsers\WORKER_01\raw_outputs\WORKER_01__FULL_OUTPUT__20260701_034610_267.json","._staging\p0_core_import_20260730_174852\source_files\D\SOURCE_FACTORY\assembled\20260701_14_STAGE3_COMMANDER_RETURN_MESSAGE_VIEW_FIX_APP\browsers\WORKER_01\raw_outputs\WORKER_01__FULL_OUTPUT__20260701_034610_267.json","E:\YOLLA\source-factory-core\_staging\p0_core_import_20260730_174852\source_files\D\SOURCE_FACTORY\assembled\20260701_14_STAGE3_COMMANDER_RETURN_MESSAGE_VIEW_FIX_APP\browsers\WORKER_01\raw_outputs\WORKER_01__FULL_OUTPUT__20260701_034610_267.json","WORKER_01__FULL_OUTPUT__20260701_034610_267.json","P0_GPT_BROWSER_BRIDGE",".json","4b0dbccabdc59f58671bcd802e8599d4b4eb2b292fcf14ce9e8265e353d83590","091d86e4ac6def703e53f32fc6b74256877d45983109380b3957c04980f9d36e","False","1199","PASS_JSON_PARSE","","BLOCKED_SHA_MISMATCH"
"D:\SOURCE FACTORY\assembled\20260701_STAGE3_TWO_WAY_MESSAGE_FLOW_FINAL_RUNTIME_APP\browsers\WORKER_01\raw_outputs\WORKER_01__FULL_OUTPUT__20260701_034610_267.json","._staging\p0_core_import_20260730_174852\source_files\D\SOURCE_FACTORY\assembled\20260701_STAGE3_TWO_WAY_MESSAGE_FLOW_FINAL_RUNTIME_APP\browsers\WORKER_01\raw_outputs\WORKER_01__FULL_OUTPUT__20260701_034610_267.json","E:\YOLLA\source-factory-core\_staging\p0_core_import_20260730_174852\source_files\D\SOURCE_FACTORY\assembled\20260701_STAGE3_TWO_WAY_MESSAGE_FLOW_FINAL_RUNTIME_APP\browsers\WORKER_01\raw_outputs\WORKER_01__FULL_OUTPUT__20260701_034610_267.json","WORKER_01__FULL_OUTPUT__20260701_034610_267.json","P0_GPT_BROWSER_BRIDGE",".json","4b0dbccabdc59f58671bcd802e8599d4b4eb2b292fcf14ce9e8265e353d83590","091d86e4ac6def703e53f32fc6b74256877d45983109380b3957c04980f9d36e","False","1199","PASS_JSON_PARSE","","BLOCKED_SHA_MISMATCH"
"D:\SOURCE FACTORY\assembled\20260701_STAGE3_5_UI_MENU_ROUTING_FIX_RUNTIME_APP\browsers\WORKER_01\raw_outputs\WORKER_01__FULL_OUTPUT__20260701_034610_267.json","._staging\p0_core_import_20260730_174852\source_files\D\SOURCE_FACTORY\assembled\20260701_STAGE3_5_UI_MENU_ROUTING_FIX_RUNTIME_APP\browsers\WORKER_01\raw_outputs\WORKER_01__FULL_OUTPUT__20260701_034610_267.json","E:\YOLLA\source-factory-core\_staging\p0_core_import_20260730_174852\source_files\D\SOURCE_FACTORY\assembled\20260701_STAGE3_5_UI_MENU_ROUTING_FIX_RUNTIME_APP\browsers\WORKER_01\raw_outputs\WORKER_01__FULL_OUTPUT__20260701_034610_267.json","WORKER_01__FULL_OUTPUT__20260701_034610_267.json","P0_GPT_BROWSER_BRIDGE",".json","4b0dbccabdc59f58671bcd802e8599d4b4eb2b292fcf14ce9e8265e353d83590","091d86e4ac6def703e53f32fc6b74256877d45983109380b3957c04980f9d36e","False","1199","PASS_JSON_PARSE","","BLOCKED_SHA_MISMATCH"
"D:\SOURCE FACTORY\assembled\20260701_STAGE3_5_UI_OPERATOR_READY_RUNTIME_APP\browsers\WORKER_01\raw_outputs\WORKER_01__FULL_OUTPUT__20260701_034610_267.json","._staging\p0_core_import_20260730_174852\source_files\D\SOURCE_FACTORY\assembled\20260701_STAGE3_5_UI_OPERATOR_READY_RUNTIME_APP\browsers\WORKER_01\raw_outputs\WORKER_01__FULL_OUTPUT__20260701_034610_267.json","E:\YOLLA\source-factory-core\_staging\p0_core_import_20260730_174852\source_files\D\SOURCE_FACTORY\assembled\20260701_STAGE3_5_UI_OPERATOR_READY_RUNTIME_APP\browsers\WORKER_01\raw_outputs\WORKER_01__FULL_OUTPUT__20260701_034610_267.json","WORKER_01__FULL_OUTPUT__20260701_034610_267.json","P0_GPT_BROWSER_BRIDGE",".json","4b0dbccabdc59f58671bcd802e8599d4b4eb2b292fcf14ce9e8265e353d83590","091d86e4ac6def703e53f32fc6b74256877d45983109380b3957c04980f9d36e","False","1199","PASS_JSON_PARSE","","BLOCKED_SHA_MISMATCH"
"D:\SOURCE FACTORY\assembled\20260701_11_STAGE3_WORKER_INSTRUCTION_DISPLAY_FIX_APP\browsers\WORKER_01\raw_outputs\WORKER_01__FULL_OUTPUT__20260701_034610_267.json","._staging\p0_core_import_20260730_174852\source_files\D\SOURCE_FACTORY\assembled\20260701_11_STAGE3_WORKER_INSTRUCTION_DISPLAY_FIX_APP\browsers\WORKER_01\raw_outputs\WORKER_01__FULL_OUTPUT__20260701_034610_267.json","E:\YOLLA\source-factory-core\_staging\p0_core_import_20260730_174852\source_files\D\SOURCE_FACTORY\assembled\20260701_11_STAGE3_WORKER_INSTRUCTION_DISPLAY_FIX_APP\browsers\WORKER_01\raw_outputs\WORKER_01__FULL_OUTPUT__20260701_034610_267.json","WORKER_01__FULL_OUTPUT__20260701_034610_267.json","P0_GPT_BROWSER_BRIDGE",".json","4b0dbccabdc59f58671bcd802e8599d4b4eb2b292fcf14ce9e8265e353d83590","091d86e4ac6def703e53f32fc6b74256877d45983109380b3957c04980f9d36e","False","1199","PASS_JSON_PARSE","","BLOCKED_SHA_MISMATCH"
"D:\SOURCE FACTORY\assembled\20260701_10_STAGE3_WORKER_INBOX_RETURN_FIX_APP\browsers\WORKER_01\raw_outputs\WORKER_01__FULL_OUTPUT__20260701_034610_267.json","._staging\p0_core_import_20260730_174852\source_files\D\SOURCE_FACTORY\assembled\20260701_10_STAGE3_WORKER_INBOX_RETURN_FIX_APP\browsers\WORKER_01\raw_outputs\WORKER_01__FULL_OUTPUT__20260701_034610_267.json","E:\YOLLA\source-factory-core\_staging\p0_core_import_20260730_174852\source_files\D\SOURCE_FACTORY\assembled\20260701_10_STAGE3_WORKER_INBOX_RETURN_FIX_APP\browsers\WORKER_01\raw_outputs\WORKER_01__FULL_OUTPUT__20260701_034610_267.json","WORKER_01__FULL_OUTPUT__20260701_034610_267.json","P0_GPT_BROWSER_BRIDGE",".json","4b0dbccabdc59f58671bcd802e8599d4b4eb2b292fcf14ce9e8265e353d83590","091d86e4ac6def703e53f32fc6b74256877d45983109380b3957c04980f9d36e","False","1199","PASS_JSON_PARSE","","BLOCKED_SHA_MISMATCH"
"D:\SOURCE FACTORY\assembled\20260701_12_STAGE3_WORKER_RETURN_INPUT_FIX_APP\browsers\WORKER_01\raw_outputs\WORKER_01__FULL_OUTPUT__20260701_034610_267.json","._staging\p0_core_import_20260730_174852\source_files\D\SOURCE_FACTORY\assembled\20260701_12_STAGE3_WORKER_RETURN_INPUT_FIX_APP\browsers\WORKER_01\raw_outputs\WORKER_01__FULL_OUTPUT__20260701_034610_267.json","E:\YOLLA\source-factory-core\_staging\p0_core_import_20260730_174852\source_files\D\SOURCE_FACTORY\assembled\20260701_12_STAGE3_WORKER_RETURN_INPUT_FIX_APP\browsers\WORKER_01\raw_outputs\WORKER_01__FULL_OUTPUT__20260701_034610_267.json","WORKER_01__FULL_OUTPUT__20260701_034610_267.json","P0_GPT_BROWSER_BRIDGE",".json","4b0dbccabdc59f58671bcd802e8599d4b4eb2b292fcf14ce9e8265e353d83590","091d86e4ac6def703e53f32fc6b74256877d45983109380b3957c04980f9d36e","False","1199","PASS_JSON_PARSE","","BLOCKED_SHA_MISMATCH"
"D:\SOURCE FACTORY\assembled\20260701_15_STAGE3_WORKER_RETURN_SEND_RESTORE_APP\browsers\WORKER_01\raw_outputs\WORKER_01__FULL_OUTPUT__20260701_034610_267.json","._staging\p0_core_import_20260730_174852\source_files\D\SOURCE_FACTORY\assembled\20260701_15_STAGE3_WORKER_RETURN_SEND_RESTORE_APP\browsers\WORKER_01\raw_outputs\WORKER_01__FULL_OUTPUT__20260701_034610_267.json","E:\YOLLA\source-factory-core\_staging\p0_core_import_20260730_174852\source_files\D\SOURCE_FACTORY\assembled\20260701_15_STAGE3_WORKER_RETURN_SEND_RESTORE_APP\browsers\WORKER_01\raw_outputs\WORKER_01__FULL_OUTPUT__20260701_034610_267.json","WORKER_01__FULL_OUTPUT__20260701_034610_267.json","P0_GPT_BROWSER_BRIDGE",".json","4b0dbccabdc59f58671bcd802e8599d4b4eb2b292fcf14ce9e8265e353d83590","091d86e4ac6def703e53f32fc6b74256877d45983109380b3957c04980f9d36e","False","1199","PASS_JSON_PARSE","","BLOCKED_SHA_MISMATCH"
"D:\SOURCE FACTORY\assembled\20260701_13_STAGE3_COMMANDER_RETURN_INBOX_REFRESH_FIX_APP\browsers\WORKER_01\raw_outputs\WORKER_01__FULL_OUTPUT__20260701_034610_267.json","._staging\p0_core_import_20260730_174852\source_files\D\SOURCE_FACTORY\assembled\20260701_13_STAGE3_COMMANDER_RETURN_INBOX_REFRESH_FIX_APP\browsers\WORKER_01\raw_outputs\WORKER_01__FULL_OUTPUT__20260701_034610_267.json","E:\YOLLA\source-factory-core\_staging\p0_core_import_20260730_174852\source_files\D\SOURCE_FACTORY\assembled\20260701_13_STAGE3_COMMANDER_RETURN_INBOX_REFRESH_FIX_APP\browsers\WORKER_01\raw_outputs\WORKER_01__FULL_OUTPUT__20260701_034610_267.json","WORKER_01__FULL_OUTPUT__20260701_034610_267.json","P0_GPT_BROWSER_BRIDGE",".json","4b0dbccabdc59f58671bcd802e8599d4b4eb2b292fcf14ce9e8265e353d83590","091d86e4ac6def703e53f32fc6b74256877d45983109380b3957c04980f9d36e","False","1199","PASS_JSON_PARSE","","BLOCKED_SHA_MISMATCH"
"D:\SOURCE FACTORY\assembled\20260701_08_STAGE3_IPC_ORDER_FIX_APP\browsers\WORKER_01\raw_outputs\WORKER_01__FULL_OUTPUT__20260701_034620_549.json","._staging\p0_core_import_20260730_174852\source_files\D\SOURCE_FACTORY\assembled\20260701_08_STAGE3_IPC_ORDER_FIX_APP\browsers\WORKER_01\raw_outputs\WORKER_01__FULL_OUTPUT__20260701_034620_549.json","E:\YOLLA\source-factory-core\_staging\p0_core_import_20260730_174852\source_files\D\SOURCE_FACTORY\assembled\20260701_08_STAGE3_IPC_ORDER_FIX_APP\browsers\WORKER_01\raw_outputs\WORKER_01__FULL_OUTPUT__20260701_034620_549.json","WORKER_01__FULL_OUTPUT__20260701_034620_549.json","P0_GPT_BROWSER_BRIDGE",".json","97154e6ee12dd9ee21c21c85b6d6bc6df4202aa900474eee1d843661133eafa0","318e2be9f2985134b42d3c057595c6c4fcc5548205d3e09e1873127d296b6472","False","1199","PASS_JSON_PARSE","","BLOCKED_SHA_MISMATCH"
"D:\SOURCE FACTORY\assembled\20260701_07_STAGE3_RUNTIME_VALIDATED_INTEGRATED_APP\browsers\WORKER_01\raw_outputs\WORKER_01__FULL_OUTPUT__20260701_034620_549.json","._staging\p0_core_import_20260730_174852\source_files\D\SOURCE_FACTORY\assembled\20260701_07_STAGE3_RUNTIME_VALIDATED_INTEGRATED_APP\browsers\WORKER_01\raw_outputs\WORKER_01__FULL_OUTPUT__20260701_034620_549.json","E:\YOLLA\source-factory-core\_staging\p0_core_import_20260730_174852\source_files\D\SOURCE_FACTORY\assembled\20260701_07_STAGE3_RUNTIME_VALIDATED_INTEGRATED_APP\browsers\WORKER_01\raw_outputs\WORKER_01__FULL_OUTPUT__20260701_034620_549.json","WORKER_01__FULL_OUTPUT__20260701_034620_549.json","P0_GPT_BROWSER_BRIDGE",".json","97154e6ee12dd9ee21c21c85b6d6bc6df4202aa900474eee1d843661133eafa0","318e2be9f2985134b42d3c057595c6c4fcc5548205d3e09e1873127d296b6472","False","1199","PASS_JSON_PARSE","","BLOCKED_SHA_MISMATCH"
"D:\SOURCE FACTORY\assembled\20260701_12_STAGE3_WORKER_RETURN_INPUT_FIX_APP\browsers\WORKER_01\raw_outputs\WORKER_01__FULL_OUTPUT__20260701_034620_549.json","._staging\p0_core_import_20260730_174852\source_files\D\SOURCE_FACTORY\assembled\20260701_12_STAGE3_WORKER_RETURN_INPUT_FIX_APP\browsers\WORKER_01\raw_outputs\WORKER_01__FULL_OUTPUT__20260701_034620_549.json","E:\YOLLA\source-factory-core\_staging\p0_core_import_20260730_174852\source_files\D\SOURCE_FACTORY\assembled\20260701_12_STAGE3_WORKER_RETURN_INPUT_FIX_APP\browsers\WORKER_01\raw_outputs\WORKER_01__FULL_OUTPUT__20260701_034620_549.json","WORKER_01__FULL_OUTPUT__20260701_034620_549.json","P0_GPT_BROWSER_BRIDGE",".json","97154e6ee12dd9ee21c21c85b6d6bc6df4202aa900474eee1d843661133eafa0","318e2be9f2985134b42d3c057595c6c4fcc5548205d3e09e1873127d296b6472","False","1199","PASS_JSON_PARSE","","BLOCKED_SHA_MISMATCH"
"D:\SOURCE FACTORY\assembled\20260701_11_STAGE3_WORKER_INSTRUCTION_DISPLAY_FIX_APP\browsers\WORKER_01\raw_outputs\WORKER_01__FULL_OUTPUT__20260701_034620_549.json","._staging\p0_core_import_20260730_174852\source_files\D\SOURCE_FACTORY\assembled\20260701_11_STAGE3_WORKER_INSTRUCTION_DISPLAY_FIX_APP\browsers\WORKER_01\raw_outputs\WORKER_01__FULL_OUTPUT__20260701_034620_549.json","E:\YOLLA\source-factory-core\_staging\p0_core_import_20260730_174852\source_files\D\SOURCE_FACTORY\assembled\20260701_11_STAGE3_WORKER_INSTRUCTION_DISPLAY_FIX_APP\browsers\WORKER_01\raw_outputs\WORKER_01__FULL_OUTPUT__20260701_034620_549.json","WORKER_01__FULL_OUTPUT__20260701_034620_549.json","P0_GPT_BROWSER_BRIDGE",".json","97154e6ee12dd9ee21c21c85b6d6bc6df4202aa900474eee1d843661133eafa0","318e2be9f2985134b42d3c057595c6c4fcc5548205d3e09e1873127d296b6472","False","1199","PASS_JSON_PARSE","","BLOCKED_SHA_MISMATCH"
"D:\SOURCE FACTORY\assembled\20260701_06_STAGE3_WORKER_OUTPUT_SYNTAX_HOTFIX_RUNTIME_APP\browsers\WORKER_01\raw_outputs\WORKER_01__FULL_OUTPUT__20260701_034620_549.json","._staging\p0_core_import_20260730_174852\source_files\D\SOURCE_FACTORY\assembled\20260701_06_STAGE3_WORKER_OUTPUT_SYNTAX_HOTFIX_RUNTIME_APP\browsers\WORKER_01\raw_outputs\WORKER_01__FULL_OUTPUT__20260701_034620_549.json","E:\YOLLA\source-factory-core\_staging\p0_core_import_20260730_174852\source_files\D\SOURCE_FACTORY\assembled\20260701_06_STAGE3_WORKER_OUTPUT_SYNTAX_HOTFIX_RUNTIME_APP\browsers\WORKER_01\raw_outputs\WORKER_01__FULL_OUTPUT__20260701_034620_549.json","WORKER_01__FULL_OUTPUT__20260701_034620_549.json","P0_GPT_BROWSER_BRIDGE",".json","97154e6ee12dd9ee21c21c85b6d6bc6df4202aa900474eee1d843661133eafa0","318e2be9f2985134b42d3c057595c6c4fcc5548205d3e09e1873127d296b6472","False","1199","PASS_JSON_PARSE","","BLOCKED_SHA_MISMATCH"
"D:\SOURCE FACTORY\assembled\20260701_03_STAGE2_INTEGRATED\browsers\WORKER_01\raw_outputs\WORKER_01__FULL_OUTPUT__20260701_034620_549.json","._staging\p0_core_import_20260730_174852\source_files\D\SOURCE_FACTORY\assembled\20260701_03_STAGE2_INTEGRATED\browsers\WORKER_01\raw_outputs\WORKER_01__FULL_OUTPUT__20260701_034620_549.json","E:\YOLLA\source-factory-core\_staging\p0_core_import_20260730_174852\source_files\D\SOURCE_FACTORY\assembled\20260701_03_STAGE2_INTEGRATED\browsers\WORKER_01\raw_outputs\WORKER_01__FULL_OUTPUT__20260701_034620_549.json","WORKER_01__FULL_OUTPUT__20260701_034620_549.json","P0_GPT_BROWSER_BRIDGE",".json","97154e6ee12dd9ee21c21c85b6d6bc6df4202aa900474eee1d843661133eafa0","318e2be9f2985134b42d3c057595c6c4fcc5548205d3e09e1873127d296b6472","False","1199","PASS_JSON_PARSE","","BLOCKED_SHA_MISMATCH"
"D:\SOURCE FACTORY\assembled\20260701_03_STAGE2_INTEGRATED_backup_before_recreate_20260701_061007\browsers\WORKER_01\raw_outputs\WORKER_01__FULL_OUTPUT__20260701_034620_549.json","._staging\p0_core_import_20260730_174852\source_files\D\SOURCE_FACTORY\assembled\20260701_03_STAGE2_INTEGRATED_backup_before_recreate_20260701_061007\browsers\WORKER_01\raw_outputs\WORKER_01__FULL_OUTPUT__20260701_034620_549.json","E:\YOLLA\source-factory-core\_staging\p0_core_import_20260730_174852\source_files\D\SOURCE_FACTORY\assembled\20260701_03_STAGE2_INTEGRATED_backup_before_recreate_20260701_061007\browsers\WORKER_01\raw_outputs\WORKER_01__FULL_OUTPUT__20260701_034620_549.json","WORKER_01__FULL_OUTPUT__20260701_034620_549.json","P0_GPT_BROWSER_BRIDGE",".json","97154e6ee12dd9ee21c21c85b6d6bc6df4202aa900474eee1d843661133eafa0","318e2be9f2985134b42d3c057595c6c4fcc5548205d3e09e1873127d296b6472","False","1199","PASS_JSON_PARSE","","BLOCKED_SHA_MISMATCH"
"D:\SOURCE FACTORY\assembled\20260701_05_STAGE2_RUNTIME_APP\browsers\WORKER_01\raw_outputs\WORKER_01__FULL_OUTPUT__20260701_034620_549.json","._staging\p0_core_import_20260730_174852\source_files\D\SOURCE_FACTORY\assembled\20260701_05_STAGE2_RUNTIME_APP\browsers\WORKER_01\raw_outputs\WORKER_01__FULL_OUTPUT__20260701_034620_549.json","E:\YOLLA\source-factory-core\_staging\p0_core_import_20260730_174852\source_files\D\SOURCE_FACTORY\assembled\20260701_05_STAGE2_RUNTIME_APP\browsers\WORKER_01\raw_outputs\WORKER_01__FULL_OUTPUT__20260701_034620_549.json","WORKER_01__FULL_OUTPUT__20260701_034620_549.json","P0_GPT_BROWSER_BRIDGE",".json","97154e6ee12dd9ee21c21c85b6d6bc6df4202aa900474eee1d843661133eafa0","318e2be9f2985134b42d3c057595c6c4fcc5548205d3e09e1873127d296b6472","False","1199","PASS_JSON_PARSE","","BLOCKED_SHA_MISMATCH"
"D:\SOURCE FACTORY\assembled\20260701_01_STAGE1_BROWSER\browsers\WORKER_01\raw_outputs\WORKER_01__FULL_OUTPUT__20260701_034620_549.json","._staging\p0_core_import_20260730_174852\source_files\D\SOURCE_FACTORY\assembled\20260701_01_STAGE1_BROWSER\browsers\WORKER_01\raw_outputs\WORKER_01__FULL_OUTPUT__20260701_034620_549.json","E:\YOLLA\source-factory-core\_staging\p0_core_import_20260730_174852\source_files\D\SOURCE_FACTORY\assembled\20260701_01_STAGE1_BROWSER\browsers\WORKER_01\raw_outputs\WORKER_01__FULL_OUTPUT__20260701_034620_549.json","WORKER_01__FULL_OUTPUT__20260701_034620_549.json","P0_GPT_BROWSER_BRIDGE",".json","97154e6ee12dd9ee21c21c85b6d6bc6df4202aa900474eee1d843661133eafa0","318e2be9f2985134b42d3c057595c6c4fcc5548205d3e09e1873127d296b6472","False","1199","PASS_JSON_PARSE","","BLOCKED_SHA_MISMATCH"
"D:\SOURCE FACTORY\assembled\20260701_13_STAGE3_COMMANDER_RETURN_INBOX_REFRESH_FIX_APP\browsers\WORKER_01\raw_outputs\WORKER_01__FULL_OUTPUT__20260701_034620_549.json","._staging\p0_core_import_20260730_174852\source_files\D\SOURCE_FACTORY\assembled\20260701_13_STAGE3_COMMANDER_RETURN_INBOX_REFRESH_FIX_APP\browsers\WORKER_01\raw_outputs\WORKER_01__FULL_OUTPUT__20260701_034620_549.json","E:\YOLLA\source-factory-core\_staging\p0_core_import_20260730_174852\source_files\D\SOURCE_FACTORY\assembled\20260701_13_STAGE3_COMMANDER_RETURN_INBOX_REFRESH_FIX_APP\browsers\WORKER_01\raw_outputs\WORKER_01__FULL_OUTPUT__20260701_034620_549.json","WORKER_01__FULL_OUTPUT__20260701_034620_549.json","P0_GPT_BROWSER_BRIDGE",".json","97154e6ee12dd9ee21c21c85b6d6bc6df4202aa900474eee1d843661133eafa0","318e2be9f2985134b42d3c057595c6c4fcc5548205d3e09e1873127d296b6472","False","1199","PASS_JSON_PARSE","","BLOCKED_SHA_MISMATCH"
"D:\SOURCE FACTORY\assembled\20260701_STAGE3_TWO_WAY_MESSAGE_FLOW_FINAL_RUNTIME_APP\browsers\WORKER_01\raw_outputs\WORKER_01__FULL_OUTPUT__20260701_034620_549.json","._staging\p0_core_import_20260730_174852\source_files\D\SOURCE_FACTORY\assembled\20260701_STAGE3_TWO_WAY_MESSAGE_FLOW_FINAL_RUNTIME_APP\browsers\WORKER_01\raw_outputs\WORKER_01__FULL_OUTPUT__20260701_034620_549.json","E:\YOLLA\source-factory-core\_staging\p0_core_import_20260730_174852\source_files\D\SOURCE_FACTORY\assembled\20260701_STAGE3_TWO_WAY_MESSAGE_FLOW_FINAL_RUNTIME_APP\browsers\WORKER_01\raw_outputs\WORKER_01__FULL_OUTPUT__20260701_034620_549.json","WORKER_01__FULL_OUTPUT__20260701_034620_549.json","P0_GPT_BROWSER_BRIDGE",".json","97154e6ee12dd9ee21c21c85b6d6bc6df4202aa900474eee1d843661133eafa0","318e2be9f2985134b42d3c057595c6c4fcc5548205d3e09e1873127d296b6472","False","1199","PASS_JSON_PARSE","","BLOCKED_SHA_MISMATCH"
"D:\SOURCE FACTORY\assembled\20260701_STAGE3_5_UI_OPERATOR_READY_RUNTIME_APP\browsers\WORKER_01\raw_outputs\WORKER_01__FULL_OUTPUT__20260701_034620_549.json","._staging\p0_core_import_20260730_174852\source_files\D\SOURCE_FACTORY\assembled\20260701_STAGE3_5_UI_OPERATOR_READY_RUNTIME_APP\browsers\WORKER_01\raw_outputs\WORKER_01__FULL_OUTPUT__20260701_034620_549.json","E:\YOLLA\source-factory-core\_staging\p0_core_import_20260730_174852\source_files\D\SOURCE_FACTORY\assembled\20260701_STAGE3_5_UI_OPERATOR_READY_RUNTIME_APP\browsers\WORKER_01\raw_outputs\WORKER_01__FULL_OUTPUT__20260701_034620_549.json","WORKER_01__FULL_OUTPUT__20260701_034620_549.json","P0_GPT_BROWSER_BRIDGE",".json","97154e6ee12dd9ee21c21c85b6d6bc6df4202aa900474eee1d843661133eafa0","318e2be9f2985134b42d3c057595c6c4fcc5548205d3e09e1873127d296b6472","False","1199","PASS_JSON_PARSE","","BLOCKED_SHA_MISMATCH"
"D:\SOURCE FACTORY\assembled\20260701_10_STAGE3_WORKER_INBOX_RETURN_FIX_APP\browsers\WORKER_01\raw_outputs\WORKER_01__FULL_OUTPUT__20260701_034620_549.json","._staging\p0_core_import_20260730_174852\source_files\D\SOURCE_FACTORY\assembled\20260701_10_STAGE3_WORKER_INBOX_RETURN_FIX_APP\browsers\WORKER_01\raw_outputs\WORKER_01__FULL_OUTPUT__20260701_034620_549.json","E:\YOLLA\source-factory-core\_staging\p0_core_import_20260730_174852\source_files\D\SOURCE_FACTORY\assembled\20260701_10_STAGE3_WORKER_INBOX_RETURN_FIX_APP\browsers\WORKER_01\raw_outputs\WORKER_01__FULL_OUTPUT__20260701_034620_549.json","WORKER_01__FULL_OUTPUT__20260701_034620_549.json","P0_GPT_BROWSER_BRIDGE",".json","97154e6ee12dd9ee21c21c85b6d6bc6df4202aa900474eee1d843661133eafa0","318e2be9f2985134b42d3c057595c6c4fcc5548205d3e09e1873127d296b6472","False","1199","PASS_JSON_PARSE","","BLOCKED_SHA_MISMATCH"
"D:\SOURCE FACTORY\assembled\20260703_STAGE4_SLIM_PANEL_RUNTIME_CANDIDATE\browsers\WORKER_01\raw_outputs\WORKER_01__FULL_OUTPUT__20260701_034620_549.json","._staging\p0_core_import_20260730_174852\source_files\D\SOURCE_FACTORY\assembled\20260703_STAGE4_SLIM_PANEL_RUNTIME_CANDIDATE\browsers\WORKER_01\raw_outputs\WORKER_01__FULL_OUTPUT__20260701_034620_549.json","E:\YOLLA\source-factory-core\_staging\p0_core_import_20260730_174852\source_files\D\SOURCE_FACTORY\assembled\20260703_STAGE4_SLIM_PANEL_RUNTIME_CANDIDATE\browsers\WORKER_01\raw_outputs\WORKER_01__FULL_OUTPUT__20260701_034620_549.json","WORKER_01__FULL_OUTPUT__20260701_034620_549.json","P0_GPT_BROWSER_BRIDGE",".json","97154e6ee12dd9ee21c21c85b6d6bc6df4202aa900474eee1d843661133eafa0","318e2be9f2985134b42d3c057595c6c4fcc5548205d3e09e1873127d296b6472","False","1199","PASS_JSON_PARSE","","BLOCKED_SHA_MISMATCH"
"D:\SOURCE FACTORY\_ASSEMBLY_RECORDS\2026-07-01\STAGE1_BROWSER_V0_1_RUNTIME_PASS\raw_outputs\WORKER_01__FULL_OUTPUT__20260701_034620_549.json","._staging\p0_core_import_20260730_174852\source_files\D\SOURCE_FACTORY\_ASSEMBLY_RECORDS\2026-07-01\STAGE1_BROWSER_V0_1_RUNTIME_PASS\raw_outputs\WORKER_01__FULL_OUTPUT__20260701_034620_549.json","E:\YOLLA\source-factory-core\_staging\p0_core_import_20260730_174852\source_files\D\SOURCE_FACTORY\_ASSEMBLY_RECORDS\2026-07-01\STAGE1_BROWSER_V0_1_RUNTIME_PASS\raw_outputs\WORKER_01__FULL_OUTPUT__20260701_034620_549.json","WORKER_01__FULL_OUTPUT__20260701_034620_549.json","P0_GPT_BROWSER_BRIDGE",".json","97154e6ee12dd9ee21c21c85b6d6bc6df4202aa900474eee1d843661133eafa0","318e2be9f2985134b42d3c057595c6c4fcc5548205d3e09e1873127d296b6472","False","1199","PASS_JSON_PARSE","","BLOCKED_SHA_MISMATCH"
"D:\SOURCE FACTORY\assembled\20260701_15_STAGE3_WORKER_RETURN_SEND_RESTORE_APP\browsers\WORKER_01\raw_outputs\WORKER_01__FULL_OUTPUT__20260701_034620_549.json","._staging\p0_core_import_20260730_174852\source_files\D\SOURCE_FACTORY\assembled\20260701_15_STAGE3_WORKER_RETURN_SEND_RESTORE_APP\browsers\WORKER_01\raw_outputs\WORKER_01__FULL_OUTPUT__20260701_034620_549.json","E:\YOLLA\source-factory-core\_staging\p0_core_import_20260730_174852\source_files\D\SOURCE_FACTORY\assembled\20260701_15_STAGE3_WORKER_RETURN_SEND_RESTORE_APP\browsers\WORKER_01\raw_outputs\WORKER_01__FULL_OUTPUT__20260701_034620_549.json","WORKER_01__FULL_OUTPUT__20260701_034620_549.json","P0_GPT_BROWSER_BRIDGE",".json","97154e6ee12dd9ee21c21c85b6d6bc6df4202aa900474eee1d843661133eafa0","318e2be9f2985134b42d3c057595c6c4fcc5548205d3e09e1873127d296b6472","False","1199","PASS_JSON_PARSE","","BLOCKED_SHA_MISMATCH"
"D:\SOURCE FACTORY\assembled\20260701_14_STAGE3_COMMANDER_RETURN_MESSAGE_VIEW_FIX_APP\browsers\WORKER_01\raw_outputs\WORKER_01__FULL_OUTPUT__20260701_034620_549.json","._staging\p0_core_import_20260730_174852\source_files\D\SOURCE_FACTORY\assembled\20260701_14_STAGE3_COMMANDER_RETURN_MESSAGE_VIEW_FIX_APP\browsers\WORKER_01\raw_outputs\WORKER_01__FULL_OUTPUT__20260701_034620_549.json","E:\YOLLA\source-factory-core\_staging\p0_core_import_20260730_174852\source_files\D\SOURCE_FACTORY\assembled\20260701_14_STAGE3_COMMANDER_RETURN_MESSAGE_VIEW_FIX_APP\browsers\WORKER_01\raw_outputs\WORKER_01__FULL_OUTPUT__20260701_034620_549.json","WORKER_01__FULL_OUTPUT__20260701_034620_549.json","P0_GPT_BROWSER_BRIDGE",".json","97154e6ee12dd9ee21c21c85b6d6bc6df4202aa900474eee1d843661133eafa0","318e2be9f2985134b42d3c057595c6c4fcc5548205d3e09e1873127d296b6472","False","1199","PASS_JSON_PARSE","","BLOCKED_SHA_MISMATCH"
"D:\SOURCE FACTORY\assembled\20260701_STAGE3_5_UI_MENU_ROUTING_FIX_RUNTIME_APP\browsers\WORKER_01\raw_outputs\WORKER_01__FULL_OUTPUT__20260701_034620_549.json","._staging\p0_core_import_20260730_174852\source_files\D\SOURCE_FACTORY\assembled\20260701_STAGE3_5_UI_MENU_ROUTING_FIX_RUNTIME_APP\browsers\WORKER_01\raw_outputs\WORKER_01__FULL_OUTPUT__20260701_034620_549.json","E:\YOLLA\source-factory-core\_staging\p0_core_import_20260730_174852\source_files\D\SOURCE_FACTORY\assembled\20260701_STAGE3_5_UI_MENU_ROUTING_FIX_RUNTIME_APP\browsers\WORKER_01\raw_outputs\WORKER_01__FULL_OUTPUT__20260701_034620_549.json","WORKER_01__FULL_OUTPUT__20260701_034620_549.json","P0_GPT_BROWSER_BRIDGE",".json","97154e6ee12dd9ee21c21c85b6d6bc6df4202aa900474eee1d843661133eafa0","318e2be9f2985134b42d3c057595c6c4fcc5548205d3e09e1873127d296b6472","False","1199","PASS_JSON_PARSE","","BLOCKED_SHA_MISMATCH"
"D:\SOURCE FACTORY\assembled\20260701_01_STAGE1_BROWSER\CONSTITUTION\WORKER_DATE_FOLDER_RULE_PROMPT_SNIPPET_v1.txt","._staging\p0_core_import_20260730_174852\source_files\D\SOURCE_FACTORY\assembled\20260701_01_STAGE1_BROWSER\CONSTITUTION\WORKER_DATE_FOLDER_RULE_PROMPT_SNIPPET_v1.txt","E:\YOLLA\source-factory-core\_staging\p0_core_import_20260730_174852\source_files\D\SOURCE_FACTORY\assembled\20260701_01_STAGE1_BROWSER\CONSTITUTION\WORKER_DATE_FOLDER_RULE_PROMPT_SNIPPET_v1.txt","WORKER_DATE_FOLDER_RULE_PROMPT_SNIPPET_v1.txt","P0_GPT_BROWSER_BRIDGE",".txt","2afae17c7af22e38d004e5d786f5fac2f1699513851df9288990452858886c79","754ec43bdaf89af7aa915a775721aaeacf8c6839ee3b6a6b8b22a53a9e304e66","False","1264","PASS_NO_COMPILE_CHECK_REQUIRED","","BLOCKED_SHA_MISMATCH"
"D:\SOURCE FACTORY\_HANDOFF_PACKAGES\PRE_STAGE3_PREVIOUS_COMMANDER_CLARIFICATION_PACKAGE_20260701_094137\02_GENERATED_SUMMARIES\STAGE3_PROJECT_BACKUP_AND_RESTORE_REQUIREMENTS_DRAFT.json","._staging\p0_core_import_20260730_174852\source_files\D\SOURCE_FACTORY\_HANDOFF_PACKAGES\PRE_STAGE3_PREVIOUS_COMMANDER_CLARIFICATION_PACKAGE_20260701_094137\02_GENERATED_SUMMARIES\STAGE3_PROJECT_BACKUP_AND_RESTORE_REQUIREMENTS_DRAFT.json","E:\YOLLA\source-factory-core\_staging\p0_core_import_20260730_174852\source_files\D\SOURCE_FACTORY\_HANDOFF_PACKAGES\PRE_STAGE3_PREVIOUS_COMMANDER_CLARIFICATION_PACKAGE_20260701_094137\02_GENERATED_SUMMARIES\STAGE3_PROJECT_BACKUP_AND_RESTORE_REQUIREMENTS_DRAFT.json","STAGE3_PROJECT_BACKUP_AND_RESTORE_REQUIREMENTS_DRAFT.json","P0_PC_AGENT_ROUTING_CORE",".json","2fd5146a94a4b2fd0a8e4e702e6128a66f11397872a9e51eed45f7bad901da94","160825f13f8eccbfc2aab699cc1f447b43afebc4bc997f09a01306af37413d15","False","1094","PASS_JSON_PARSE","","BLOCKED_SHA_MISMATCH"
"D:\SOURCE FACTORY\_HANDOFF_PACKAGES\PRE_STAGE3_PREVIOUS_COMMANDER_CLARIFICATION_PACKAGE_20260701_100643\02_GENERATED_SUMMARIES\STAGE3_PROJECT_BACKUP_AND_RESTORE_REQUIREMENTS_DRAFT.json","._staging\p0_core_import_20260730_174852\source_files\D\SOURCE_FACTORY\_HANDOFF_PACKAGES\PRE_STAGE3_PREVIOUS_COMMANDER_CLARIFICATION_PACKAGE_20260701_100643\02_GENERATED_SUMMARIES\STAGE3_PROJECT_BACKUP_AND_RESTORE_REQUIREMENTS_DRAFT.json","E:\YOLLA\source-factory-core\_staging\p0_core_import_20260730_174852\source_files\D\SOURCE_FACTORY\_HANDOFF_PACKAGES\PRE_STAGE3_PREVIOUS_COMMANDER_CLARIFICATION_PACKAGE_20260701_100643\02_GENERATED_SUMMARIES\STAGE3_PROJECT_BACKUP_AND_RESTORE_REQUIREMENTS_DRAFT.json","STAGE3_PROJECT_BACKUP_AND_RESTORE_REQUIREMENTS_DRAFT.json","P0_PC_AGENT_ROUTING_CORE",".json","2fd5146a94a4b2fd0a8e4e702e6128a66f11397872a9e51eed45f7bad901da94","160825f13f8eccbfc2aab699cc1f447b43afebc4bc997f09a01306af37413d15","False","1094","PASS_JSON_PARSE","","BLOCKED_SHA_MISMATCH"
"D:\SOURCE FACTORY\assembled\20260703_STAGE4_SLIM_PANEL_RUNTIME_CANDIDATE\docs\STAGE4_W07_NEXT_COMMANDER_HANDOFF_TEMPLATE.md","._staging\p0_core_import_20260730_174852\source_files\D\SOURCE_FACTORY\assembled\20260703_STAGE4_SLIM_PANEL_RUNTIME_CANDIDATE\docs\STAGE4_W07_NEXT_COMMANDER_HANDOFF_TEMPLATE.md","E:\YOLLA\source-factory-core\_staging\p0_core_import_20260730_174852\source_files\D\SOURCE_FACTORY\assembled\20260703_STAGE4_SLIM_PANEL_RUNTIME_CANDIDATE\docs\STAGE4_W07_NEXT_COMMANDER_HANDOFF_TEMPLATE.md","STAGE4_W07_NEXT_COMMANDER_HANDOFF_TEMPLATE.md","P0_PC_AGENT_ROUTING_CORE",".md","9f3db0adf8f7a8e1321d906b914b765658f9521f7589b46663f0bc924ac6e6a9","fb20e8c67e9c63e5ef2aabdf1caf02d723090a0031279ca117430004d2a0d88d","False","10557","PASS_NO_COMPILE_CHECK_REQUIRED","","BLOCKED_SHA_MISMATCH"
"D:\SOURCE FACTORY\_PROJECTS\STAGE4_DEFAULT_PROJECT\WORKER_OUTPUTS\stage4-collect-worker-output__20260703_024721_686.json","._staging\p0_core_import_20260730_174852\source_files\D\SOURCE_FACTORY\_PROJECTS\STAGE4_DEFAULT_PROJECT\WORKER_OUTPUTS\stage4-collect-worker-output__20260703_024721_686.json","E:\YOLLA\source-factory-core\_staging\p0_core_import_20260730_174852\source_files\D\SOURCE_FACTORY\_PROJECTS\STAGE4_DEFAULT_PROJECT\WORKER_OUTPUTS\stage4-collect-worker-output__20260703_024721_686.json","stage4-collect-worker-output__20260703_024721_686.json","P0_PC_AGENT_ROUTING_CORE",".json","ce90d897f4ce3b874b7972053b2febcca1758e326fee33c3679f4edca379464c","13923f817210be11b2e3ee1ba2d859b37e2dd1fee7de09c954d30d15f9bbaea7","False","1059","PASS_JSON_PARSE","","BLOCKED_SHA_MISMATCH"
"D:\SOURCE FACTORY\generated\20260701_01\WORKER_03__src_core_promptBuilder.js","._staging\p0_core_import_20260730_174852\source_files\D\SOURCE_FACTORY\generated\20260701_01\WORKER_03__src_core_promptBuilder.js","E:\YOLLA\source-factory-core\_staging\p0_core_import_20260730_174852\source_files\D\SOURCE_FACTORY\generated\20260701_01\WORKER_03__src_core_promptBuilder.js","WORKER_03__src_core_promptBuilder.js","P0_PC_AGENT_ROUTING_CORE",".js","07686e6ab45f2aa1b377a584e0eeaee690502a3134df4f04d61215050a948f07","07686e6ab45f2aa1b377a584e0eeaee690502a3134df4f04d61215050a948f07","True","10650","FAIL_NODE_CHECK","E:\YOLLA\source-factory-core\_staging\p0_core_import_20260730_174852\source_files\D\SOURCE_FACTORY\generated\20260701_01\WORKER_03__src_core_promptBuilder.js:199
""official_root_setting: process.env.SOURCE_FACTORY_ROOT || ""D:\\SOURCE FACTORY"""",
                                                            ^

SyntaxError: Unexpected identifier 'D'
    at checkSyntax (node:internal/main/check_syntax:72:5)

Node.js v24.18.0","BLOCKED_STATIC_CHECK"
"E:\YOLLA\source-factory-core\daily_queue\2026-07-30\000_SOURCE_MIGRATION_DAILY_PLAN.json","._staging\p0_core_import_20260730_174852\source_files\E\YOLLA\source-factory-core\daily_queue\2026-07-30\000_SOURCE_MIGRATION_DAILY_PLAN.json","E:\YOLLA\source-factory-core\_staging\p0_core_import_20260730_174852\source_files\E\YOLLA\source-factory-core\daily_queue\2026-07-30\000_SOURCE_MIGRATION_DAILY_PLAN.json","000_SOURCE_MIGRATION_DAILY_PLAN.json","P0_DAILY_QUEUE_RUNNER",".json","f4bd263af12234a2c6485fccf5ad63e1128c2dd674665adcfdc9299ac8b34bd8","f4bd263af12234a2c6485fccf5ad63e1128c2dd674665adcfdc9299ac8b34bd8","True","2529","PASS_JSON_PARSE","","PROMOTION_CANDIDATE"
"E:\YOLLA\source-factory-core\daily_queue\2026-07-30\001_SOURCE_FACTORY_LOCAL_SOURCE_INVENTORY_EXECUTION.md","._staging\p0_core_import_20260730_174852\source_files\E\YOLLA\source-factory-core\daily_queue\2026-07-30\001_SOURCE_FACTORY_LOCAL_SOURCE_INVENTORY_EXECUTION.md","E:\YOLLA\source-factory-core\_staging\p0_core_import_20260730_174852\source_files\E\YOLLA\source-factory-core\daily_queue\2026-07-30\001_SOURCE_FACTORY_LOCAL_SOURCE_INVENTORY_EXECUTION.md","001_SOURCE_FACTORY_LOCAL_SOURCE_INVENTORY_EXECUTION.md","P0_DAILY_QUEUE_RUNNER",".md","a42dec7d96d2044f3ef620e93da82637f006ad6a2a1e3e285f87224df3f8a80e","a42dec7d96d2044f3ef620e93da82637f006ad6a2a1e3e285f87224df3f8a80e","True","1838","PASS_NO_COMPILE_CHECK_REQUIRED","","PROMOTION_CANDIDATE"
"E:\YOLLA\source-factory-core\daily_queue\2026-07-30\001_SOURCE_FACTORY_LOCAL_SOURCE_INVENTORY_PROMPT.md","._staging\p0_core_import_20260730_174852\source_files\E\YOLLA\source-factory-core\daily_queue\2026-07-30\001_SOURCE_FACTORY_LOCAL_SOURCE_INVENTORY_PROMPT.md","E:\YOLLA\source-factory-core\_staging\p0_core_import_20260730_174852\source_files\E\YOLLA\source-factory-core\daily_queue\2026-07-30\001_SOURCE_FACTORY_LOCAL_SOURCE_INVENTORY_PROMPT.md","001_SOURCE_FACTORY_LOCAL_SOURCE_INVENTORY_PROMPT.md","P0_DAILY_QUEUE_RUNNER",".md","dbdddebae396e8d747c9e8cc9a1f6ffb34b8afa151ee452a0dd67d2238d88fd7","dbdddebae396e8d747c9e8cc9a1f6ffb34b8afa151ee452a0dd67d2238d88fd7","True","2978","PASS_NO_COMPILE_CHECK_REQUIRED","","PROMOTION_CANDIDATE"
"E:\YOLLA\source-factory-core\daily_queue\2026-07-30\005_STAGE4_LEGACY_SOURCE_ARCHIVE_PROMPT.md","._staging\p0_core_import_20260730_174852\source_files\E\YOLLA\source-factory-core\daily_queue\2026-07-30\005_STAGE4_LEGACY_SOURCE_ARCHIVE_PROMPT.md","E:\YOLLA\source-factory-core\_staging\p0_core_import_20260730_174852\source_files\E\YOLLA\source-factory-core\daily_queue\2026-07-30\005_STAGE4_LEGACY_SOURCE_ARCHIVE_PROMPT.md","005_STAGE4_LEGACY_SOURCE_ARCHIVE_PROMPT.md","P0_DAILY_QUEUE_RUNNER",".md","68efce0c74477b2dd58327982fcf0c20e7a6bea7ec39a213f5c563a306b74434","68efce0c74477b2dd58327982fcf0c20e7a6bea7ec39a213f5c563a306b74434","True","1446","PASS_NO_COMPILE_CHECK_REQUIRED","","PROMOTION_CANDIDATE"
"E:\YOLLA\source-factory-core\daily_queue\2026-07-30\006_GAS_STATION_PORTAL_EXAMPLES_PROMPT.md","._staging\p0_core_import_20260730_174852\source_files\E\YOLLA\source-factory-core\daily_queue\2026-07-30\006_GAS_STATION_PORTAL_EXAMPLES_PROMPT.md","E:\YOLLA\source-factory-core\_staging\p0_core_import_20260730_174852\source_files\E\YOLLA\source-factory-core\daily_queue\2026-07-30\006_GAS_STATION_PORTAL_EXAMPLES_PROMPT.md","006_GAS_STATION_PORTAL_EXAMPLES_PROMPT.md","P0_DAILY_QUEUE_RUNNER",".md","f1560fac69a30ab9638437db90295c1c178afe125ec227c92dea882c50cce8d6","f1560fac69a30ab9638437db90295c1c178afe125ec227c92dea882c50cce8d6","True","1595","PASS_NO_COMPILE_CHECK_REQUIRED","","PROMOTION_CANDIDATE"
"E:\YOLLA\source-factory-core\docs\DAILY_QUEUE_RUNNER_SPEC.md","._staging\p0_core_import_20260730_174852\source_files\E\YOLLA\source-factory-core\docs\DAILY_QUEUE_RUNNER_SPEC.md","E:\YOLLA\source-factory-core\_staging\p0_core_import_20260730_174852\source_files\E\YOLLA\source-factory-core\docs\DAILY_QUEUE_RUNNER_SPEC.md","DAILY_QUEUE_RUNNER_SPEC.md","P0_DAILY_QUEUE_RUNNER",".md","5e56af15c76383f3b23f4a93ccec3dd57e0cb7ac8d3e0b16745a306312454a4f","5e56af15c76383f3b23f4a93ccec3dd57e0cb7ac8d3e0b16745a306312454a4f","True","1263","PASS_NO_COMPILE_CHECK_REQUIRED","","PROMOTION_CANDIDATE"
"E:\YOLLA\source-factory-core\src\queue\dailyQueueReader.js","._staging\p0_core_import_20260730_174852\source_files\E\YOLLA\source-factory-core\src\queue\dailyQueueReader.js","E:\YOLLA\source-factory-core\_staging\p0_core_import_20260730_174852\source_files\E\YOLLA\source-factory-core\src\queue\dailyQueueReader.js","dailyQueueReader.js","P0_DAILY_QUEUE_RUNNER",".js","76737a6582c93ba4330a8e0e8f4fcc4dc7380585cc265d8f2675c9e20c7c0620","76737a6582c93ba4330a8e0e8f4fcc4dc7380585cc265d8f2675c9e20c7c0620","True","1349","PASS_NODE_CHECK","","PROMOTION_CANDIDATE"
"D:\SOURCE FACTORY\assembled\20260701_STAGE3_5_UI_OPERATOR_READY_RUNTIME_APP\src\core\promptBuilder.js","._staging\p0_core_import_20260730_174852\source_files\D\SOURCE_FACTORY\assembled\20260701_STAGE3_5_UI_OPERATOR_READY_RUNTIME_APP\src\core\promptBuilder.js","E:\YOLLA\source-factory-core\_staging\p0_core_import_20260730_174852\source_files\D\SOURCE_FACTORY\assembled\20260701_STAGE3_5_UI_OPERATOR_READY_RUNTIME_APP\src\core\promptBuilder.js","promptBuilder.js","P0_DAILY_QUEUE_RUNNER",".js","b9cd9a2895d0a6fc70172875bba25659a59e11753a95b71ff9ab9445db8e08de","b9cd9a2895d0a6fc70172875bba25659a59e11753a95b71ff9ab9445db8e08de","True","10655","PASS_NODE_CHECK","","PROMOTION_CANDIDATE"
"D:\SOURCE FACTORY\assembled\20260701_STAGE3_5_UI_MENU_ROUTING_FIX_RUNTIME_APP\src\core\promptBuilder.js","._staging\p0_core_import_20260730_174852\source_files\D\SOURCE_FACTORY\assembled\20260701_STAGE3_5_UI_MENU_ROUTING_FIX_RUNTIME_APP\src\core\promptBuilder.js","E:\YOLLA\source-factory-core\_staging\p0_core_import_20260730_174852\source_files\D\SOURCE_FACTORY\assembled\20260701_STAGE3_5_UI_MENU_ROUTING_FIX_RUNTIME_APP\src\core\promptBuilder.js","promptBuilder.js","P0_DAILY_QUEUE_RUNNER",".js","b9cd9a2895d0a6fc70172875bba25659a59e11753a95b71ff9ab9445db8e08de","b9cd9a2895d0a6fc70172875bba25659a59e11753a95b71ff9ab9445db8e08de","True","10655","PASS_NODE_CHECK","","PROMOTION_CANDIDATE"
"D:\SOURCE FACTORY\assembled\20260703_STAGE4_SLIM_PANEL_RUNTIME_CANDIDATE\src\core\promptBuilder.js","._staging\p0_core_import_20260730_174852\source_files\D\SOURCE_FACTORY\assembled\20260703_STAGE4_SLIM_PANEL_RUNTIME_CANDIDATE\src\core\promptBuilder.js","E:\YOLLA\source-factory-core\_staging\p0_core_import_20260730_174852\source_files\D\SOURCE_FACTORY\assembled\20260703_STAGE4_SLIM_PANEL_RUNTIME_CANDIDATE\src\core\promptBuilder.js","promptBuilder.js","P0_DAILY_QUEUE_RUNNER",".js","b9cd9a2895d0a6fc70172875bba25659a59e11753a95b71ff9ab9445db8e08de","b9cd9a2895d0a6fc70172875bba25659a59e11753a95b71ff9ab9445db8e08de","True","10655","PASS_NODE_CHECK","","PROMOTION_CANDIDATE"
"D:\SOURCE FACTORY\assembled\20260701_STAGE3_TWO_WAY_MESSAGE_FLOW_FINAL_RUNTIME_APP\src\core\promptBuilder.js","._staging\p0_core_import_20260730_174852\source_files\D\SOURCE_FACTORY\assembled\20260701_STAGE3_TWO_WAY_MESSAGE_FLOW_FINAL_RUNTIME_APP\src\core\promptBuilder.js","E:\YOLLA\source-factory-core\_staging\p0_core_import_20260730_174852\source_files\D\SOURCE_FACTORY\assembled\20260701_STAGE3_TWO_WAY_MESSAGE_FLOW_FINAL_RUNTIME_APP\src\core\promptBuilder.js","promptBuilder.js","P0_DAILY_QUEUE_RUNNER",".js","b9cd9a2895d0a6fc70172875bba25659a59e11753a95b71ff9ab9445db8e08de","b9cd9a2895d0a6fc70172875bba25659a59e11753a95b71ff9ab9445db8e08de","True","10655","PASS_NODE_CHECK","","PROMOTION_CANDIDATE"
"D:\SOURCE FACTORY\assembled\20260701_03_STAGE2_INTEGRATED_backup_before_recreate_20260701_061007\src\core\promptBuilder.js","._staging\p0_core_import_20260730_174852\source_files\D\SOURCE_FACTORY\assembled\20260701_03_STAGE2_INTEGRATED_backup_before_recreate_20260701_061007\src\core\promptBuilder.js","E:\YOLLA\source-factory-core\_staging\p0_core_import_20260730_174852\source_files\D\SOURCE_FACTORY\assembled\20260701_03_STAGE2_INTEGRATED_backup_before_recreate_20260701_061007\src\core\promptBuilder.js","promptBuilder.js","P0_DAILY_QUEUE_RUNNER",".js","b9cd9a2895d0a6fc70172875bba25659a59e11753a95b71ff9ab9445db8e08de","b9cd9a2895d0a6fc70172875bba25659a59e11753a95b71ff9ab9445db8e08de","True","10655","PASS_NODE_CHECK","","PROMOTION_CANDIDATE"
"D:\SOURCE FACTORY\assembled\20260701_07_STAGE3_RUNTIME_VALIDATED_INTEGRATED_APP\src\core\promptBuilder.js","._staging\p0_core_import_20260730_174852\source_files\D\SOURCE_FACTORY\assembled\20260701_07_STAGE3_RUNTIME_VALIDATED_INTEGRATED_APP\src\core\promptBuilder.js","E:\YOLLA\source-factory-core\_staging\p0_core_import_20260730_174852\source_files\D\SOURCE_FACTORY\assembled\20260701_07_STAGE3_RUNTIME_VALIDATED_INTEGRATED_APP\src\core\promptBuilder.js","promptBuilder.js","P0_DAILY_QUEUE_RUNNER",".js","b9cd9a2895d0a6fc70172875bba25659a59e11753a95b71ff9ab9445db8e08de","b9cd9a2895d0a6fc70172875bba25659a59e11753a95b71ff9ab9445db8e08de","True","10655","PASS_NODE_CHECK","","PROMOTION_CANDIDATE"
"D:\SOURCE FACTORY\assembled\20260701_05_STAGE2_RUNTIME_APP\src\core\promptBuilder.js","._staging\p0_core_import_20260730_174852\source_files\D\SOURCE_FACTORY\assembled\20260701_05_STAGE2_RUNTIME_APP\src\core\promptBuilder.js","E:\YOLLA\source-factory-core\_staging\p0_core_import_20260730_174852\source_files\D\SOURCE_FACTORY\assembled\20260701_05_STAGE2_RUNTIME_APP\src\core\promptBuilder.js","promptBuilder.js","P0_DAILY_QUEUE_RUNNER",".js","b9cd9a2895d0a6fc70172875bba25659a59e11753a95b71ff9ab9445db8e08de","b9cd9a2895d0a6fc70172875bba25659a59e11753a95b71ff9ab9445db8e08de","True","10655","PASS_NODE_CHECK","","PROMOTION_CANDIDATE"
"D:\SOURCE FACTORY\assembled\20260701_08_STAGE3_IPC_ORDER_FIX_APP\src\core\promptBuilder.js","._staging\p0_core_import_20260730_174852\source_files\D\SOURCE_FACTORY\assembled\20260701_08_STAGE3_IPC_ORDER_FIX_APP\src\core\promptBuilder.js","E:\YOLLA\source-factory-core\_staging\p0_core_import_20260730_174852\source_files\D\SOURCE_FACTORY\assembled\20260701_08_STAGE3_IPC_ORDER_FIX_APP\src\core\promptBuilder.js","promptBuilder.js","P0_DAILY_QUEUE_RUNNER",".js","b9cd9a2895d0a6fc70172875bba25659a59e11753a95b71ff9ab9445db8e08de","b9cd9a2895d0a6fc70172875bba25659a59e11753a95b71ff9ab9445db8e08de","True","10655","PASS_NODE_CHECK","","PROMOTION_CANDIDATE"
"D:\SOURCE FACTORY\assembled\20260701_03_STAGE2_INTEGRATED\src\core\promptBuilder.js","._staging\p0_core_import_20260730_174852\source_files\D\SOURCE_FACTORY\assembled\20260701_03_STAGE2_INTEGRATED\src\core\promptBuilder.js","E:\YOLLA\source-factory-core\_staging\p0_core_import_20260730_174852\source_files\D\SOURCE_FACTORY\assembled\20260701_03_STAGE2_INTEGRATED\src\core\promptBuilder.js","promptBuilder.js","P0_DAILY_QUEUE_RUNNER",".js","b9cd9a2895d0a6fc70172875bba25659a59e11753a95b71ff9ab9445db8e08de","b9cd9a2895d0a6fc70172875bba25659a59e11753a95b71ff9ab9445db8e08de","True","10655","PASS_NODE_CHECK","","PROMOTION_CANDIDATE"
"D:\SOURCE FACTORY\assembled\20260701_03_STAGE2_INTEGRATED_backup_before_recreate_20260701_061007\src\core\pythonProcessRunner.js","._staging\p0_core_import_20260730_174852\source_files\D\SOURCE_FACTORY\assembled\20260701_03_STAGE2_INTEGRATED_backup_before_recreate_20260701_061007\src\core\pythonProcessRunner.js","E:\YOLLA\source-factory-core\_staging\p0_core_import_20260730_174852\source_files\D\SOURCE_FACTORY\assembled\20260701_03_STAGE2_INTEGRATED_backup_before_recreate_20260701_061007\src\core\pythonProcessRunner.js","pythonProcessRunner.js","P0_DAILY_QUEUE_RUNNER",".js","ab40b61eecaf9731dd8708c5e3e4f090f79b68242901c445610b718f4e53aab0","ab40b61eecaf9731dd8708c5e3e4f090f79b68242901c445610b718f4e53aab0","True","4440","PASS_NODE_CHECK","","PROMOTION_CANDIDATE"
"D:\SOURCE FACTORY\assembled\20260701_04_STAGE2_BUTTON\src\core\pythonProcessRunner.js","._staging\p0_core_import_20260730_174852\source_files\D\SOURCE_FACTORY\assembled\20260701_04_STAGE2_BUTTON\src\core\pythonProcessRunner.js","E:\YOLLA\source-factory-core\_staging\p0_core_import_20260730_174852\source_files\D\SOURCE_FACTORY\assembled\20260701_04_STAGE2_BUTTON\src\core\pythonProcessRunner.js","pythonProcessRunner.js","P0_DAILY_QUEUE_RUNNER",".js","ab40b61eecaf9731dd8708c5e3e4f090f79b68242901c445610b718f4e53aab0","ab40b61eecaf9731dd8708c5e3e4f090f79b68242901c445610b718f4e53aab0","True","4440","PASS_NODE_CHECK","","PROMOTION_CANDIDATE"
"D:\SOURCE FACTORY\assembled\20260701_02_STAGE2\src\core\pythonProcessRunner.js","._staging\p0_core_import_20260730_174852\source_files\D\SOURCE_FACTORY\assembled\20260701_02_STAGE2\src\core\pythonProcessRunner.js","E:\YOLLA\source-factory-core\_staging\p0_core_import_20260730_174852\source_files\D\SOURCE_FACTORY\assembled\20260701_02_STAGE2\src\core\pythonProcessRunner.js","pythonProcessRunner.js","P0_DAILY_QUEUE_RUNNER",".js","ab40b61eecaf9731dd8708c5e3e4f090f79b68242901c445610b718f4e53aab0","ab40b61eecaf9731dd8708c5e3e4f090f79b68242901c445610b718f4e53aab0","True","4440","PASS_NODE_CHECK","","PROMOTION_CANDIDATE"
"D:\SOURCE FACTORY\assembled\20260701_03_STAGE2_INTEGRATED\src\core\pythonProcessRunner.js","._staging\p0_core_import_20260730_174852\source_files\D\SOURCE_FACTORY\assembled\20260701_03_STAGE2_INTEGRATED\src\core\pythonProcessRunner.js","E:\YOLLA\source-factory-core\_staging\p0_core_import_20260730_174852\source_files\D\SOURCE_FACTORY\assembled\20260701_03_STAGE2_INTEGRATED\src\core\pythonProcessRunner.js","pythonProcessRunner.js","P0_DAILY_QUEUE_RUNNER",".js","ab40b61eecaf9731dd8708c5e3e4f090f79b68242901c445610b718f4e53aab0","ab40b61eecaf9731dd8708c5e3e4f090f79b68242901c445610b718f4e53aab0","True","4440","PASS_NODE_CHECK","","PROMOTION_CANDIDATE"
"E:\YOLLA\repository\out\YOLLA_SITE_SCANNER_WAVE2_W01_W02_W03_PROMPTS\YOLLA_SITE_SCANNER_WAVE2_W01_W02_W03\W01_YOLLA_SCAN_REPLAY_EVIDENCE_LAB_V1_PROMPT.txt","._staging\p0_core_import_20260730_174852\source_files\E\YOLLA\repository\out\YOLLA_SITE_SCANNER_WAVE2_W01_W02_W03_PROMPTS\YOLLA_SITE_SCANNER_WAVE2_W01_W02_W03\W01_YOLLA_SCAN_REPLAY_EVIDENCE_LAB_V1_PROMPT.txt","E:\YOLLA\source-factory-core\_staging\p0_core_import_20260730_174852\source_files\E\YOLLA\repository\out\YOLLA_SITE_SCANNER_WAVE2_W01_W02_W03_PROMPTS\YOLLA_SITE_SCANNER_WAVE2_W01_W02_W03\W01_YOLLA_SCAN_REPLAY_EVIDENCE_LAB_V1_PROMPT.txt","W01_YOLLA_SCAN_REPLAY_EVIDENCE_LAB_V1_PROMPT.txt","P0_DAILY_QUEUE_RUNNER",".txt","08eb7d5f6584373f377eb99a75b3579d2fd7835d4ba804c13b2fe81fdf8c90f7","08eb7d5f6584373f377eb99a75b3579d2fd7835d4ba804c13b2fe81fdf8c90f7","True","10992","PASS_NO_COMPILE_CHECK_REQUIRED","","PROMOTION_CANDIDATE"
"E:\YOLLA\repository\out\YOLLA_SITE_SCANNER_UPSTREAM_CORRECTION_HANDOFF\YOLLA_SITE_SCANNER_UPSTREAM_CORRECTION_HANDOFF\W02_PACKAGING_CORRECTION_PROMPT.txt","._staging\p0_core_import_20260730_174852\source_files\E\YOLLA\repository\out\YOLLA_SITE_SCANNER_UPSTREAM_CORRECTION_HANDOFF\YOLLA_SITE_SCANNER_UPSTREAM_CORRECTION_HANDOFF\W02_PACKAGING_CORRECTION_PROMPT.txt","E:\YOLLA\source-factory-core\_staging\p0_core_import_20260730_174852\source_files\E\YOLLA\repository\out\YOLLA_SITE_SCANNER_UPSTREAM_CORRECTION_HANDOFF\YOLLA_SITE_SCANNER_UPSTREAM_CORRECTION_HANDOFF\W02_PACKAGING_CORRECTION_PROMPT.txt","W02_PACKAGING_CORRECTION_PROMPT.txt","P0_DAILY_QUEUE_RUNNER",".txt","e5eb614541fcd8ca40cf9bd0b3a433da5bf4b5d306f88e5306614b4ce20f11df","e5eb614541fcd8ca40cf9bd0b3a433da5bf4b5d306f88e5306614b4ce20f11df","True","2674","PASS_NO_COMPILE_CHECK_REQUIRED","","PROMOTION_CANDIDATE"
"E:\YOLLA\repository\out\YOLLA_SITE_SCANNER_WAVE2_W01_W02_W03_PROMPTS\YOLLA_SITE_SCANNER_WAVE2_W01_W02_W03\W02_YOLLA_NETWORK_CONTRACT_DRIFT_ANALYZER_V1_PROMPT.txt","._staging\p0_core_import_20260730_174852\source_files\E\YOLLA\repository\out\YOLLA_SITE_SCANNER_WAVE2_W01_W02_W03_PROMPTS\YOLLA_SITE_SCANNER_WAVE2_W01_W02_W03\W02_YOLLA_NETWORK_CONTRACT_DRIFT_ANALYZER_V1_PROMPT.txt","E:\YOLLA\source-factory-core\_staging\p0_core_import_20260730_174852\source_files\E\YOLLA\repository\out\YOLLA_SITE_SCANNER_WAVE2_W01_W02_W03_PROMPTS\YOLLA_SITE_SCANNER_WAVE2_W01_W02_W03\W02_YOLLA_NETWORK_CONTRACT_DRIFT_ANALYZER_V1_PROMPT.txt","W02_YOLLA_NETWORK_CONTRACT_DRIFT_ANALYZER_V1_PROMPT.txt","P0_DAILY_QUEUE_RUNNER",".txt","d717595174a878796f6bb4226b869fe8699a7a7f814297a46865401f4b94ee9f","d717595174a878796f6bb4226b869fe8699a7a7f814297a46865401f4b94ee9f","True","11229","PASS_NO_COMPILE_CHECK_REQUIRED","","PROMOTION_CANDIDATE"
"E:\YOLLA\repository\out\YOLLA_SITE_SCANNER_UPSTREAM_CORRECTION_HANDOFF\YOLLA_SITE_SCANNER_UPSTREAM_CORRECTION_HANDOFF\W03_PACKAGING_CORRECTION_PROMPT.txt","._staging\p0_core_import_20260730_174852\source_files\E\YOLLA\repository\out\YOLLA_SITE_SCANNER_UPSTREAM_CORRECTION_HANDOFF\YOLLA_SITE_SCANNER_UPSTREAM_CORRECTION_HANDOFF\W03_PACKAGING_CORRECTION_PROMPT.txt","E:\YOLLA\source-factory-core\_staging\p0_core_import_20260730_174852\source_files\E\YOLLA\repository\out\YOLLA_SITE_SCANNER_UPSTREAM_CORRECTION_HANDOFF\YOLLA_SITE_SCANNER_UPSTREAM_CORRECTION_HANDOFF\W03_PACKAGING_CORRECTION_PROMPT.txt","W03_PACKAGING_CORRECTION_PROMPT.txt","P0_DAILY_QUEUE_RUNNER",".txt","e3a3f910ce2a1e9d4abbadb84accbf1825e09246e4217dc75cac22b167c92595","e3a3f910ce2a1e9d4abbadb84accbf1825e09246e4217dc75cac22b167c92595","True","2548","PASS_NO_COMPILE_CHECK_REQUIRED","","PROMOTION_CANDIDATE"
"E:\YOLLA\repository\out\YOLLA_SITE_SCANNER_WAVE2_W01_W02_W03_PROMPTS\YOLLA_SITE_SCANNER_WAVE2_W01_W02_W03\W03_YOLLA_UI_ROUTE_COVERAGE_EXPLORATION_PLANNER_V1_PROMPT.txt","._staging\p0_core_import_20260730_174852\source_files\E\YOLLA\repository\out\YOLLA_SITE_SCANNER_WAVE2_W01_W02_W03_PROMPTS\YOLLA_SITE_SCANNER_WAVE2_W01_W02_W03\W03_YOLLA_UI_ROUTE_COVERAGE_EXPLORATION_PLANNER_V1_PROMPT.txt","E:\YOLLA\source-factory-core\_staging\p0_core_import_20260730_174852\source_files\E\YOLLA\repository\out\YOLLA_SITE_SCANNER_WAVE2_W01_W02_W03_PROMPTS\YOLLA_SITE_SCANNER_WAVE2_W01_W02_W03\W03_YOLLA_UI_ROUTE_COVERAGE_EXPLORATION_PLANNER_V1_PROMPT.txt","W03_YOLLA_UI_ROUTE_COVERAGE_EXPLORATION_PLANNER_V1_PROMPT.txt","P0_DAILY_QUEUE_RUNNER",".txt","597f9337d83fde438c8a842129a5072db49c22a8725233c7e66b03cb2a77f19f","597f9337d83fde438c8a842129a5072db49c22a8725233c7e66b03cb2a77f19f","True","11782","PASS_NO_COMPILE_CHECK_REQUIRED","","PROMOTION_CANDIDATE"
"E:\YOLLA\repository\out\W04_VERIFIER_FIX_AND_FINAL_INTEGRATION_THIRD_PASS_PROMPT.txt","._staging\p0_core_import_20260730_174852\source_files\E\YOLLA\repository\out\W04_VERIFIER_FIX_AND_FINAL_INTEGRATION_THIRD_PASS_PROMPT.txt","E:\YOLLA\source-factory-core\_staging\p0_core_import_20260730_174852\source_files\E\YOLLA\repository\out\W04_VERIFIER_FIX_AND_FINAL_INTEGRATION_THIRD_PASS_PROMPT.txt","W04_VERIFIER_FIX_AND_FINAL_INTEGRATION_THIRD_PASS_PROMPT.txt","P0_DAILY_QUEUE_RUNNER",".txt","84370ab0eb3675638a447d22ec9de663340710458a96285ff9ff6103cf173e32","84370ab0eb3675638a447d22ec9de663340710458a96285ff9ff6103cf173e32","True","11788","PASS_NO_COMPILE_CHECK_REQUIRED","","PROMOTION_CANDIDATE"
"E:\YOLLA\repository\out\W07_YOLLA_ADAPTER_COMPILER_DABANG_REFERENCE_V1_PROMPT.txt","._staging\p0_core_import_20260730_174852\source_files\E\YOLLA\repository\out\W07_YOLLA_ADAPTER_COMPILER_DABANG_REFERENCE_V1_PROMPT.txt","E:\YOLLA\source-factory-core\_staging\p0_core_import_20260730_174852\source_files\E\YOLLA\repository\out\W07_YOLLA_ADAPTER_COMPILER_DABANG_REFERENCE_V1_PROMPT.txt","W07_YOLLA_ADAPTER_COMPILER_DABANG_REFERENCE_V1_PROMPT.txt","P0_DAILY_QUEUE_RUNNER",".txt","013ad194663bc5cecd50b25eea69491db2ccf0698e2e52ec4ee8a3a73f01e9e6","013ad194663bc5cecd50b25eea69491db2ccf0698e2e52ec4ee8a3a73f01e9e6","True","23031","PASS_NO_COMPILE_CHECK_REQUIRED","","PROMOTION_CANDIDATE"
"E:\YOLLA\repository\work01_w12b_w04_real_site_resume\W12B_W04_REAL_SITE_MRI_RUN_PROMPT.md","._staging\p0_core_import_20260730_174852\source_files\E\YOLLA\repository\work01_w12b_w04_real_site_resume\W12B_W04_REAL_SITE_MRI_RUN_PROMPT.md","E:\YOLLA\source-factory-core\_staging\p0_core_import_20260730_174852\source_files\E\YOLLA\repository\work01_w12b_w04_real_site_resume\W12B_W04_REAL_SITE_MRI_RUN_PROMPT.md","W12B_W04_REAL_SITE_MRI_RUN_PROMPT.md","P0_DAILY_QUEUE_RUNNER",".md","6f4c77b9e2ec91796d8a9cb9452928b11fa2a537a175e516c17c4e011030013e","6f4c77b9e2ec91796d8a9cb9452928b11fa2a537a175e516c17c4e011030013e","True","3980","PASS_NO_COMPILE_CHECK_REQUIRED","","PROMOTION_CANDIDATE"
"E:\YOLLA\worktrees\a4-windows-build-v4\COMMAND_CENTER\AUTOMATION\V1\EVENTS\A4_W36_USER_PC_JOB_GOLDEN_CONSUMER_TERMINAL.json","._staging\p0_core_import_20260730_174852\source_files\E\YOLLA\worktrees\a4-windows-build-v4\COMMAND_CENTER\AUTOMATION\V1\EVENTS\A4_W36_USER_PC_JOB_GOLDEN_CONSUMER_TERMINAL.json","E:\YOLLA\source-factory-core\_staging\p0_core_import_20260730_174852\source_files\E\YOLLA\worktrees\a4-windows-build-v4\COMMAND_CENTER\AUTOMATION\V1\EVENTS\A4_W36_USER_PC_JOB_GOLDEN_CONSUMER_TERMINAL.json","A4_W36_USER_PC_JOB_GOLDEN_CONSUMER_TERMINAL.json","P0_GPT_BROWSER_BRIDGE",".json","73a009f6be78c773cd41b0d45e49e67a8d7db043d6ee440b304250ee369b7656","73a009f6be78c773cd41b0d45e49e67a8d7db043d6ee440b304250ee369b7656","True","1175","PASS_JSON_PARSE","","PROMOTION_CANDIDATE"
"E:\YOLLA\worktrees\a4-windows-build-v4\.github\workflows\a4-hosted-windows-pc-agent-build-v4.yml","._staging\p0_core_import_20260730_174852\source_files\E\YOLLA\worktrees\a4-windows-build-v4\.github\workflows\a4-hosted-windows-pc-agent-build-v4.yml","E:\YOLLA\source-factory-core\_staging\p0_core_import_20260730_174852\source_files\E\YOLLA\worktrees\a4-windows-build-v4\.github\workflows\a4-hosted-windows-pc-agent-build-v4.yml","a4-hosted-windows-pc-agent-build-v4.yml","P0_GPT_BROWSER_BRIDGE",".yml","cb4b65aaf72f33cb414bff7dc0d1f4788f5ccd2e47250bfdf318982dde3d064e","cb4b65aaf72f33cb414bff7dc0d1f4788f5ccd2e47250bfdf318982dde3d064e","True","10133","PASS_NO_COMPILE_CHECK_REQUIRED","","PROMOTION_CANDIDATE"
"D:\SOURCE FACTORY\_ASSEMBLY_RECORDS\2026-07-01\STAGE1_BROWSER_V0_1_RUNTIME_PASS\ASSEMBLY_MANIFEST.json","._staging\p0_core_import_20260730_174852\source_files\D\SOURCE_FACTORY\_ASSEMBLY_RECORDS\2026-07-01\STAGE1_BROWSER_V0_1_RUNTIME_PASS\ASSEMBLY_MANIFEST.json","E:\YOLLA\source-factory-core\_staging\p0_core_import_20260730_174852\source_files\D\SOURCE_FACTORY\_ASSEMBLY_RECORDS\2026-07-01\STAGE1_BROWSER_V0_1_RUNTIME_PASS\ASSEMBLY_MANIFEST.json","ASSEMBLY_MANIFEST.json","P0_GPT_BROWSER_BRIDGE",".json","710ad2fc68896445f45a909c9d00d6bbc65a55cdb1f769f4580a45d66b9c3c85","710ad2fc68896445f45a909c9d00d6bbc65a55cdb1f769f4580a45d66b9c3c85","True","10692","PASS_JSON_PARSE","","PROMOTION_CANDIDATE"
"D:\SOURCE FACTORY\assembled\20260701_01_STAGE1_BROWSER\src\renderer\buttonHandlers.js","._staging\p0_core_import_20260730_174852\source_files\D\SOURCE_FACTORY\assembled\20260701_01_STAGE1_BROWSER\src\renderer\buttonHandlers.js","E:\YOLLA\source-factory-core\_staging\p0_core_import_20260730_174852\source_files\D\SOURCE_FACTORY\assembled\20260701_01_STAGE1_BROWSER\src\renderer\buttonHandlers.js","buttonHandlers.js","P0_GPT_BROWSER_BRIDGE",".js","d69be4e9afcc5864af7e1b38529b98c57064a2aa96b23883dea32e112c03343b","d69be4e9afcc5864af7e1b38529b98c57064a2aa96b23883dea32e112c03343b","True","11707","PASS_NODE_CHECK","","PROMOTION_CANDIDATE"
"D:\SOURCE FACTORY\assembled\20260701_01_STAGE1_BROWSER\src\core\diagnostics.js","._staging\p0_core_import_20260730_174852\source_files\D\SOURCE_FACTORY\assembled\20260701_01_STAGE1_BROWSER\src\core\diagnostics.js","E:\YOLLA\source-factory-core\_staging\p0_core_import_20260730_174852\source_files\D\SOURCE_FACTORY\assembled\20260701_01_STAGE1_BROWSER\src\core\diagnostics.js","diagnostics.js","P0_GPT_BROWSER_BRIDGE",".js","8aff7147a926623668d25bae5c8f9081a5c7552c8dc0d64eea8b15ce8b20d89e","8aff7147a926623668d25bae5c8f9081a5c7552c8dc0d64eea8b15ce8b20d89e","True","11124","PASS_NODE_CHECK","","PROMOTION_CANDIDATE"
"D:\SOURCE FACTORY\assembled\20260701_01_STAGE1_BROWSER\_ASSEMBLY_REPORTS\FILE_HASHES.json","._staging\p0_core_import_20260730_174852\source_files\D\SOURCE_FACTORY\assembled\20260701_01_STAGE1_BROWSER\_ASSEMBLY_REPORTS\FILE_HASHES.json","E:\YOLLA\source-factory-core\_staging\p0_core_import_20260730_174852\source_files\D\SOURCE_FACTORY\assembled\20260701_01_STAGE1_BROWSER\_ASSEMBLY_REPORTS\FILE_HASHES.json","FILE_HASHES.json","P0_GPT_BROWSER_BRIDGE",".json","45127f97bd3a018613db6e18aa4e6d8192159c4b1251c4f7f023534c0fb4e157","45127f97bd3a018613db6e18aa4e6d8192159c4b1251c4f7f023534c0fb4e157","True","11969","PASS_JSON_PARSE","","PROMOTION_CANDIDATE"
"D:\SOURCE FACTORY\assembled\20260701_01_STAGE1_BROWSER\src\core\fileNameSafe.js","._staging\p0_core_import_20260730_174852\source_files\D\SOURCE_FACTORY\assembled\20260701_01_STAGE1_BROWSER\src\core\fileNameSafe.js","E:\YOLLA\source-factory-core\_staging\p0_core_import_20260730_174852\source_files\D\SOURCE_FACTORY\assembled\20260701_01_STAGE1_BROWSER\src\core\fileNameSafe.js","fileNameSafe.js","P0_GPT_BROWSER_BRIDGE",".js","e2e55ca1e08a8b96c62d77348b66dccbf3c570cce9a0fa2a78452098609431f5","e2e55ca1e08a8b96c62d77348b66dccbf3c570cce9a0fa2a78452098609431f5","True","1074","PASS_NODE_CHECK","","PROMOTION_CANDIDATE"
"E:\YOLLA\worktrees\a4-windows-build-v4\s1\ship-now\wkr-004-install-restart\MISSION_INTAKE_V1.json","._staging\p0_core_import_20260730_174852\source_files\E\YOLLA\worktrees\a4-windows-build-v4\s1\ship-now\wkr-004-install-restart\MISSION_INTAKE_V1.json","E:\YOLLA\source-factory-core\_staging\p0_core_import_20260730_174852\source_files\E\YOLLA\worktrees\a4-windows-build-v4\s1\ship-now\wkr-004-install-restart\MISSION_INTAKE_V1.json","MISSION_INTAKE_V1.json","P0_GPT_BROWSER_BRIDGE",".json","dd275afa59221be033956fb028dc8850e15532b0374f7debbafa18aa0bcabe97","dd275afa59221be033956fb028dc8850e15532b0374f7debbafa18aa0bcabe97","True","1174","PASS_JSON_PARSE","","PROMOTION_CANDIDATE"
"D:\SOURCE FACTORY\assembled\20260701_01_STAGE1_BROWSER\src\core\promptBuilder.js","._staging\p0_core_import_20260730_174852\source_files\D\SOURCE_FACTORY\assembled\20260701_01_STAGE1_BROWSER\src\core\promptBuilder.js","E:\YOLLA\source-factory-core\_staging\p0_core_import_20260730_174852\source_files\D\SOURCE_FACTORY\assembled\20260701_01_STAGE1_BROWSER\src\core\promptBuilder.js","promptBuilder.js","P0_GPT_BROWSER_BRIDGE",".js","b9cd9a2895d0a6fc70172875bba25659a59e11753a95b71ff9ab9445db8e08de","b9cd9a2895d0a6fc70172875bba25659a59e11753a95b71ff9ab9445db8e08de","True","10655","PASS_NODE_CHECK","","PROMOTION_CANDIDATE"
"E:\YOLLA\worktrees\a4-windows-build-v4\out\YOLLA_W08_W09_W10_PARALLEL_WORKER_PACKAGE\YOLLA_W08_W09_W10_PARALLEL_WORKER_PACKAGE\README.md","._staging\p0_core_import_20260730_174852\source_files\E\YOLLA\worktrees\a4-windows-build-v4\out\YOLLA_W08_W09_W10_PARALLEL_WORKER_PACKAGE\YOLLA_W08_W09_W10_PARALLEL_WORKER_PACKAGE\README.md","E:\YOLLA\source-factory-core\_staging\p0_core_import_20260730_174852\source_files\E\YOLLA\worktrees\a4-windows-build-v4\out\YOLLA_W08_W09_W10_PARALLEL_WORKER_PACKAGE\YOLLA_W08_W09_W10_PARALLEL_WORKER_PACKAGE\README.md","README.md","P0_GPT_BROWSER_BRIDGE",".md","5643acd1a7c00031459720b717cba6eb660293a7cb9c7f6c815091f4b90a8897","5643acd1a7c00031459720b717cba6eb660293a7cb9c7f6c815091f4b90a8897","True","1000","PASS_NO_COMPILE_CHECK_REQUIRED","","PROMOTION_CANDIDATE"
"E:\YOLLA\worktrees\a4-windows-build-v4\out\YOLLA_SITE_SCANNER_UPSTREAM_CORRECTION_HANDOFF\YOLLA_SITE_SCANNER_UPSTREAM_CORRECTION_HANDOFF\README_COMMANDER_AUDIT.md","._staging\p0_core_import_20260730_174852\source_files\E\YOLLA\worktrees\a4-windows-build-v4\out\YOLLA_SITE_SCANNER_UPSTREAM_CORRECTION_HANDOFF\YOLLA_SITE_SCANNER_UPSTREAM_CORRECTION_HANDOFF\README_COMMANDER_AUDIT.md","E:\YOLLA\source-factory-core\_staging\p0_core_import_20260730_174852\source_files\E\YOLLA\worktrees\a4-windows-build-v4\out\YOLLA_SITE_SCANNER_UPSTREAM_CORRECTION_HANDOFF\YOLLA_SITE_SCANNER_UPSTREAM_CORRECTION_HANDOFF\README_COMMANDER_AUDIT.md","README_COMMANDER_AUDIT.md","P0_GPT_BROWSER_BRIDGE",".md","6b4f2df8465c73f37b44067d56349b066d83749839dbb7d3e7a6903f1fc7ff1a","6b4f2df8465c73f37b44067d56349b066d83749839dbb7d3e7a6903f1fc7ff1a","True","1109","PASS_NO_COMPILE_CHECK_REQUIRED","","PROMOTION_CANDIDATE"
"D:\SOURCE FACTORY\_ASSEMBLY_RECORDS\2026-07-01\STAGE1_BROWSER_V0_1_RUNTIME_PASS\assembled_files\assembled\20260701_01_STAGE1_BROWSER\run\RUN_STAGE1_DIAGNOSTIC.bat","._staging\p0_core_import_20260730_174852\source_files\D\SOURCE_FACTORY\_ASSEMBLY_RECORDS\2026-07-01\STAGE1_BROWSER_V0_1_RUNTIME_PASS\assembled_files\assembled\20260701_01_STAGE1_BROWSER\run\RUN_STAGE1_DIAGNOSTIC.bat","E:\YOLLA\source-factory-core\_staging\p0_core_import_20260730_174852\source_files\D\SOURCE_FACTORY\_ASSEMBLY_RECORDS\2026-07-01\STAGE1_BROWSER_V0_1_RUNTIME_PASS\assembled_files\assembled\20260701_01_STAGE1_BROWSER\run\RUN_STAGE1_DIAGNOSTIC.bat","RUN_STAGE1_DIAGNOSTIC.bat","P0_GPT_BROWSER_BRIDGE",".bat","3d07ea5055b87df89b9039d0d3508b828b410b8002b143f201d83fc02c1df470","3d07ea5055b87df89b9039d0d3508b828b410b8002b143f201d83fc02c1df470","True","1099","PASS_NO_COMPILE_CHECK_REQUIRED","","PROMOTION_CANDIDATE"
"D:\SOURCE FACTORY\_COMMANDER_REPORTS\COMMANDER_REPORT_PACKAGE_20260701_035338\02_LATEST_ASSEMBLY_RECORD\assembled_files\assembled_files\assembled\20260701_01_STAGE1_BROWSER\run\RUN_STAGE1_DIAGNOSTIC.bat","._staging\p0_core_import_20260730_174852\source_files\D\SOURCE_FACTORY\_COMMANDER_REPORTS\COMMANDER_REPORT_PACKAGE_20260701_035338\02_LATEST_ASSEMBLY_RECORD\assembled_files\assembled_files\assembled\20260701_01_STAGE1_BROWSER\run\RUN_STAGE1_DIAGNOSTIC.bat","E:\YOLLA\source-factory-core\_staging\p0_core_import_20260730_174852\source_files\D\SOURCE_FACTORY\_COMMANDER_REPORTS\COMMANDER_REPORT_PACKAGE_20260701_035338\02_LATEST_ASSEMBLY_RECORD\assembled_files\assembled_files\assembled\20260701_01_STAGE1_BROWSER\run\RUN_STAGE1_DIAGNOSTIC.bat","RUN_STAGE1_DIAGNOSTIC.bat","P0_GPT_BROWSER_BRIDGE",".bat","3d07ea5055b87df89b9039d0d3508b828b410b8002b143f201d83fc02c1df470","3d07ea5055b87df89b9039d0d3508b828b410b8002b143f201d83fc02c1df470","True","1099","PASS_NO_COMPILE_CHECK_REQUIRED","","PROMOTION_CANDIDATE"
"D:\SOURCE FACTORY\_COMMANDER_REPORTS\COMMANDER_REPORT_PACKAGE_20260701_062302\02_LATEST_ASSEMBLY_RECORD\assembled_files\assembled_files\assembled\20260701_01_STAGE1_BROWSER\run\RUN_STAGE1_DIAGNOSTIC.bat","._staging\p0_core_import_20260730_174852\source_files\D\SOURCE_FACTORY\_COMMANDER_REPORTS\COMMANDER_REPORT_PACKAGE_20260701_062302\02_LATEST_ASSEMBLY_RECORD\assembled_files\assembled_files\assembled\20260701_01_STAGE1_BROWSER\run\RUN_STAGE1_DIAGNOSTIC.bat","E:\YOLLA\source-factory-core\_staging\p0_core_import_20260730_174852\source_files\D\SOURCE_FACTORY\_COMMANDER_REPORTS\COMMANDER_REPORT_PACKAGE_20260701_062302\02_LATEST_ASSEMBLY_RECORD\assembled_files\assembled_files\assembled\20260701_01_STAGE1_BROWSER\run\RUN_STAGE1_DIAGNOSTIC.bat","RUN_STAGE1_DIAGNOSTIC.bat","P0_GPT_BROWSER_BRIDGE",".bat","3d07ea5055b87df89b9039d0d3508b828b410b8002b143f201d83fc02c1df470","3d07ea5055b87df89b9039d0d3508b828b410b8002b143f201d83fc02c1df470","True","1099","PASS_NO_COMPILE_CHECK_REQUIRED","","PROMOTION_CANDIDATE"
"D:\SOURCE FACTORY\_COMMANDER_REPORTS\COMMANDER_REPORT_PACKAGE_20260701_061900\02_LATEST_ASSEMBLY_RECORD\assembled_files\assembled_files\assembled\20260701_01_STAGE1_BROWSER\run\RUN_STAGE1_DIAGNOSTIC.bat","._staging\p0_core_import_20260730_174852\source_files\D\SOURCE_FACTORY\_COMMANDER_REPORTS\COMMANDER_REPORT_PACKAGE_20260701_061900\02_LATEST_ASSEMBLY_RECORD\assembled_files\assembled_files\assembled\20260701_01_STAGE1_BROWSER\run\RUN_STAGE1_DIAGNOSTIC.bat","E:\YOLLA\source-factory-core\_staging\p0_core_import_20260730_174852\source_files\D\SOURCE_FACTORY\_COMMANDER_REPORTS\COMMANDER_REPORT_PACKAGE_20260701_061900\02_LATEST_ASSEMBLY_RECORD\assembled_files\assembled_files\assembled\20260701_01_STAGE1_BROWSER\run\RUN_STAGE1_DIAGNOSTIC.bat","RUN_STAGE1_DIAGNOSTIC.bat","P0_GPT_BROWSER_BRIDGE",".bat","3d07ea5055b87df89b9039d0d3508b828b410b8002b143f201d83fc02c1df470","3d07ea5055b87df89b9039d0d3508b828b410b8002b143f201d83fc02c1df470","True","1099","PASS_NO_COMPILE_CHECK_REQUIRED","","PROMOTION_CANDIDATE"
"D:\SOURCE FACTORY\assembled\20260701_01_STAGE1_BROWSER\run\RUN_STAGE1_DIAGNOSTIC.bat","._staging\p0_core_import_20260730_174852\source_files\D\SOURCE_FACTORY\assembled\20260701_01_STAGE1_BROWSER\run\RUN_STAGE1_DIAGNOSTIC.bat","E:\YOLLA\source-factory-core\_staging\p0_core_import_20260730_174852\source_files\D\SOURCE_FACTORY\assembled\20260701_01_STAGE1_BROWSER\run\RUN_STAGE1_DIAGNOSTIC.bat","RUN_STAGE1_DIAGNOSTIC.bat","P0_GPT_BROWSER_BRIDGE",".bat","3d07ea5055b87df89b9039d0d3508b828b410b8002b143f201d83fc02c1df470","3d07ea5055b87df89b9039d0d3508b828b410b8002b143f201d83fc02c1df470","True","1099","PASS_NO_COMPILE_CHECK_REQUIRED","","PROMOTION_CANDIDATE"
"D:\SOURCE FACTORY\_COMMANDER_REPORTS\COMMANDER_REPORT_PACKAGE_20260701_063010\02_LATEST_ASSEMBLY_RECORD\assembled_files\assembled_files\assembled\20260701_01_STAGE1_BROWSER\run\RUN_STAGE1_DIAGNOSTIC.bat","._staging\p0_core_import_20260730_174852\source_files\D\SOURCE_FACTORY\_COMMANDER_REPORTS\COMMANDER_REPORT_PACKAGE_20260701_063010\02_LATEST_ASSEMBLY_RECORD\assembled_files\assembled_files\assembled\20260701_01_STAGE1_BROWSER\run\RUN_STAGE1_DIAGNOSTIC.bat","E:\YOLLA\source-factory-core\_staging\p0_core_import_20260730_174852\source_files\D\SOURCE_FACTORY\_COMMANDER_REPORTS\COMMANDER_REPORT_PACKAGE_20260701_063010\02_LATEST_ASSEMBLY_RECORD\assembled_files\assembled_files\assembled\20260701_01_STAGE1_BROWSER\run\RUN_STAGE1_DIAGNOSTIC.bat","RUN_STAGE1_DIAGNOSTIC.bat","P0_GPT_BROWSER_BRIDGE",".bat","3d07ea5055b87df89b9039d0d3508b828b410b8002b143f201d83fc02c1df470","3d07ea5055b87df89b9039d0d3508b828b410b8002b143f201d83fc02c1df470","True","1099","PASS_NO_COMPILE_CHECK_REQUIRED","","PROMOTION_CANDIDATE"
"D:\SOURCE FACTORY\assembled\20260701_01_STAGE1_BROWSER\_ASSEMBLY_REPORTS\SOURCE_EXTRACTION_REPORT.md","._staging\p0_core_import_20260730_174852\source_files\D\SOURCE_FACTORY\assembled\20260701_01_STAGE1_BROWSER\_ASSEMBLY_REPORTS\SOURCE_EXTRACTION_REPORT.md","E:\YOLLA\source-factory-core\_staging\p0_core_import_20260730_174852\source_files\D\SOURCE_FACTORY\assembled\20260701_01_STAGE1_BROWSER\_ASSEMBLY_REPORTS\SOURCE_EXTRACTION_REPORT.md","SOURCE_EXTRACTION_REPORT.md","P0_GPT_BROWSER_BRIDGE",".md","f2822066cec8589331342a5727f9f03b24e2c4b52005f3012da743aa17f7b578","f2822066cec8589331342a5727f9f03b24e2c4b52005f3012da743aa17f7b578","True","10367","PASS_NO_COMPILE_CHECK_REQUIRED","","PROMOTION_CANDIDATE"
"D:\SOURCE FACTORY\_COMMANDER_REPORTS\COMMANDER_REPORT_PACKAGE_20260701_062302\02_LATEST_ASSEMBLY_RECORD\assembled_files\assembled_files\assembled\20260701_01_STAGE1_BROWSER\STAGE1_INTEGRATION_CHECKLIST.md","._staging\p0_core_import_20260730_174852\source_files\D\SOURCE_FACTORY\_COMMANDER_REPORTS\COMMANDER_REPORT_PACKAGE_20260701_062302\02_LATEST_ASSEMBLY_RECORD\assembled_files\assembled_files\assembled\20260701_01_STAGE1_BROWSER\STAGE1_INTEGRATION_CHECKLIST.md","E:\YOLLA\source-factory-core\_staging\p0_core_import_20260730_174852\source_files\D\SOURCE_FACTORY\_COMMANDER_REPORTS\COMMANDER_REPORT_PACKAGE_20260701_062302\02_LATEST_ASSEMBLY_RECORD\assembled_files\assembled_files\assembled\20260701_01_STAGE1_BROWSER\STAGE1_INTEGRATION_CHECKLIST.md","STAGE1_INTEGRATION_CHECKLIST.md","P0_GPT_BROWSER_BRIDGE",".md","2e231c971a5096207ca8bf118b6afd2b53093c0c46f8eedde9815368ce64ffd3","2e231c971a5096207ca8bf118b6afd2b53093c0c46f8eedde9815368ce64ffd3","True","11442","PASS_NO_COMPILE_CHECK_REQUIRED","","PROMOTION_CANDIDATE"
"D:\SOURCE FACTORY\_COMMANDER_REPORTS\COMMANDER_REPORT_PACKAGE_20260701_063010\02_LATEST_ASSEMBLY_RECORD\assembled_files\assembled_files\assembled\20260701_01_STAGE1_BROWSER\STAGE1_INTEGRATION_CHECKLIST.md","._staging\p0_core_import_20260730_174852\source_files\D\SOURCE_FACTORY\_COMMANDER_REPORTS\COMMANDER_REPORT_PACKAGE_20260701_063010\02_LATEST_ASSEMBLY_RECORD\assembled_files\assembled_files\assembled\20260701_01_STAGE1_BROWSER\STAGE1_INTEGRATION_CHECKLIST.md","E:\YOLLA\source-factory-core\_staging\p0_core_import_20260730_174852\source_files\D\SOURCE_FACTORY\_COMMANDER_REPORTS\COMMANDER_REPORT_PACKAGE_20260701_063010\02_LATEST_ASSEMBLY_RECORD\assembled_files\assembled_files\assembled\20260701_01_STAGE1_BROWSER\STAGE1_INTEGRATION_CHECKLIST.md","STAGE1_INTEGRATION_CHECKLIST.md","P0_GPT_BROWSER_BRIDGE",".md","2e231c971a5096207ca8bf118b6afd2b53093c0c46f8eedde9815368ce64ffd3","2e231c971a5096207ca8bf118b6afd2b53093c0c46f8eedde9815368ce64ffd3","True","11442","PASS_NO_COMPILE_CHECK_REQUIRED","","PROMOTION_CANDIDATE"
"D:\SOURCE FACTORY\_COMMANDER_REPORTS\COMMANDER_REPORT_PACKAGE_20260701_061900\02_LATEST_ASSEMBLY_RECORD\assembled_files\assembled_files\assembled\20260701_01_STAGE1_BROWSER\STAGE1_INTEGRATION_CHECKLIST.md","._staging\p0_core_import_20260730_174852\source_files\D\SOURCE_FACTORY\_COMMANDER_REPORTS\COMMANDER_REPORT_PACKAGE_20260701_061900\02_LATEST_ASSEMBLY_RECORD\assembled_files\assembled_files\assembled\20260701_01_STAGE1_BROWSER\STAGE1_INTEGRATION_CHECKLIST.md","E:\YOLLA\source-factory-core\_staging\p0_core_import_20260730_174852\source_files\D\SOURCE_FACTORY\_COMMANDER_REPORTS\COMMANDER_REPORT_PACKAGE_20260701_061900\02_LATEST_ASSEMBLY_RECORD\assembled_files\assembled_files\assembled\20260701_01_STAGE1_BROWSER\STAGE1_INTEGRATION_CHECKLIST.md","STAGE1_INTEGRATION_CHECKLIST.md","P0_GPT_BROWSER_BRIDGE",".md","2e231c971a5096207ca8bf118b6afd2b53093c0c46f8eedde9815368ce64ffd3","2e231c971a5096207ca8bf118b6afd2b53093c0c46f8eedde9815368ce64ffd3","True","11442","PASS_NO_COMPILE_CHECK_REQUIRED","","PROMOTION_CANDIDATE"
"D:\SOURCE FACTORY\_ASSEMBLY_RECORDS\2026-07-01\STAGE1_BROWSER_V0_1_RUNTIME_PASS\assembled_files\assembled\20260701_01_STAGE1_BROWSER\STAGE1_INTEGRATION_CHECKLIST.md","._staging\p0_core_import_20260730_174852\source_files\D\SOURCE_FACTORY\_ASSEMBLY_RECORDS\2026-07-01\STAGE1_BROWSER_V0_1_RUNTIME_PASS\assembled_files\assembled\20260701_01_STAGE1_BROWSER\STAGE1_INTEGRATION_CHECKLIST.md","E:\YOLLA\source-factory-core\_staging\p0_core_import_20260730_174852\source_files\D\SOURCE_FACTORY\_ASSEMBLY_RECORDS\2026-07-01\STAGE1_BROWSER_V0_1_RUNTIME_PASS\assembled_files\assembled\20260701_01_STAGE1_BROWSER\STAGE1_INTEGRATION_CHECKLIST.md","STAGE1_INTEGRATION_CHECKLIST.md","P0_GPT_BROWSER_BRIDGE",".md","2e231c971a5096207ca8bf118b6afd2b53093c0c46f8eedde9815368ce64ffd3","2e231c971a5096207ca8bf118b6afd2b53093c0c46f8eedde9815368ce64ffd3","True","11442","PASS_NO_COMPILE_CHECK_REQUIRED","","PROMOTION_CANDIDATE"
"D:\SOURCE FACTORY\assembled\20260701_01_STAGE1_BROWSER\STAGE1_INTEGRATION_CHECKLIST.md","._staging\p0_core_import_20260730_174852\source_files\D\SOURCE_FACTORY\assembled\20260701_01_STAGE1_BROWSER\STAGE1_INTEGRATION_CHECKLIST.md","E:\YOLLA\source-factory-core\_staging\p0_core_import_20260730_174852\source_files\D\SOURCE_FACTORY\assembled\20260701_01_STAGE1_BROWSER\STAGE1_INTEGRATION_CHECKLIST.md","STAGE1_INTEGRATION_CHECKLIST.md","P0_GPT_BROWSER_BRIDGE",".md","2e231c971a5096207ca8bf118b6afd2b53093c0c46f8eedde9815368ce64ffd3","2e231c971a5096207ca8bf118b6afd2b53093c0c46f8eedde9815368ce64ffd3","True","11442","PASS_NO_COMPILE_CHECK_REQUIRED","","PROMOTION_CANDIDATE"
"D:\SOURCE FACTORY\_COMMANDER_REPORTS\COMMANDER_REPORT_PACKAGE_20260701_035338\02_LATEST_ASSEMBLY_RECORD\assembled_files\assembled_files\assembled\20260701_01_STAGE1_BROWSER\STAGE1_INTEGRATION_CHECKLIST.md","._staging\p0_core_import_20260730_174852\source_files\D\SOURCE_FACTORY\_COMMANDER_REPORTS\COMMANDER_REPORT_PACKAGE_20260701_035338\02_LATEST_ASSEMBLY_RECORD\assembled_files\assembled_files\assembled\20260701_01_STAGE1_BROWSER\STAGE1_INTEGRATION_CHECKLIST.md","E:\YOLLA\source-factory-core\_staging\p0_core_import_20260730_174852\source_files\D\SOURCE_FACTORY\_COMMANDER_REPORTS\COMMANDER_REPORT_PACKAGE_20260701_035338\02_LATEST_ASSEMBLY_RECORD\assembled_files\assembled_files\assembled\20260701_01_STAGE1_BROWSER\STAGE1_INTEGRATION_CHECKLIST.md","STAGE1_INTEGRATION_CHECKLIST.md","P0_GPT_BROWSER_BRIDGE",".md","2e231c971a5096207ca8bf118b6afd2b53093c0c46f8eedde9815368ce64ffd3","2e231c971a5096207ca8bf118b6afd2b53093c0c46f8eedde9815368ce64ffd3","True","11442","PASS_NO_COMPILE_CHECK_REQUIRED","","PROMOTION_CANDIDATE"
"D:\SOURCE FACTORY\assembled\20260701_01_STAGE1_BROWSER\src\core\stage1SelfCheck.js","._staging\p0_core_import_20260730_174852\source_files\D\SOURCE_FACTORY\assembled\20260701_01_STAGE1_BROWSER\src\core\stage1SelfCheck.js","E:\YOLLA\source-factory-core\_staging\p0_core_import_20260730_174852\source_files\D\SOURCE_FACTORY\assembled\20260701_01_STAGE1_BROWSER\src\core\stage1SelfCheck.js","stage1SelfCheck.js","P0_GPT_BROWSER_BRIDGE",".js","dde37d7fa1ec956e4bee30d24e3eed1d968380eb905bd4ce4aec60f3ff41ebda","dde37d7fa1ec956e4bee30d24e3eed1d968380eb905bd4ce4aec60f3ff41ebda","True","11008","PASS_NODE_CHECK","","PROMOTION_CANDIDATE"
"E:\YOLLA\worktrees\a4-windows-build-v4\out\YOLLA_SITE_SCANNER_WAVE2_W01_W02_W03_PROMPTS\YOLLA_SITE_SCANNER_WAVE2_W01_W02_W03\W01_YOLLA_SCAN_REPLAY_EVIDENCE_LAB_V1_PROMPT.txt","._staging\p0_core_import_20260730_174852\source_files\E\YOLLA\worktrees\a4-windows-build-v4\out\YOLLA_SITE_SCANNER_WAVE2_W01_W02_W03_PROMPTS\YOLLA_SITE_SCANNER_WAVE2_W01_W02_W03\W01_YOLLA_SCAN_REPLAY_EVIDENCE_LAB_V1_PROMPT.txt","E:\YOLLA\source-factory-core\_staging\p0_core_import_20260730_174852\source_files\E\YOLLA\worktrees\a4-windows-build-v4\out\YOLLA_SITE_SCANNER_WAVE2_W01_W02_W03_PROMPTS\YOLLA_SITE_SCANNER_WAVE2_W01_W02_W03\W01_YOLLA_SCAN_REPLAY_EVIDENCE_LAB_V1_PROMPT.txt","W01_YOLLA_SCAN_REPLAY_EVIDENCE_LAB_V1_PROMPT.txt","P0_GPT_BROWSER_BRIDGE",".txt","08eb7d5f6584373f377eb99a75b3579d2fd7835d4ba804c13b2fe81fdf8c90f7","08eb7d5f6584373f377eb99a75b3579d2fd7835d4ba804c13b2fe81fdf8c90f7","True","10992","PASS_NO_COMPILE_CHECK_REQUIRED","","PROMOTION_CANDIDATE"
"E:\YOLLA\worktrees\a4-windows-build-v4\out\YOLLA_SITE_SCANNER_WAVE2_W01_W02_W03_PROMPTS\YOLLA_SITE_SCANNER_WAVE2_W01_W02_W03\W02_YOLLA_NETWORK_CONTRACT_DRIFT_ANALYZER_V1_PROMPT.txt","._staging\p0_core_import_20260730_174852\source_files\E\YOLLA\worktrees\a4-windows-build-v4\out\YOLLA_SITE_SCANNER_WAVE2_W01_W02_W03_PROMPTS\YOLLA_SITE_SCANNER_WAVE2_W01_W02_W03\W02_YOLLA_NETWORK_CONTRACT_DRIFT_ANALYZER_V1_PROMPT.txt","E:\YOLLA\source-factory-core\_staging\p0_core_import_20260730_174852\source_files\E\YOLLA\worktrees\a4-windows-build-v4\out\YOLLA_SITE_SCANNER_WAVE2_W01_W02_W03_PROMPTS\YOLLA_SITE_SCANNER_WAVE2_W01_W02_W03\W02_YOLLA_NETWORK_CONTRACT_DRIFT_ANALYZER_V1_PROMPT.txt","W02_YOLLA_NETWORK_CONTRACT_DRIFT_ANALYZER_V1_PROMPT.txt","P0_GPT_BROWSER_BRIDGE",".txt","d717595174a878796f6bb4226b869fe8699a7a7f814297a46865401f4b94ee9f","d717595174a878796f6bb4226b869fe8699a7a7f814297a46865401f4b94ee9f","True","11229","PASS_NO_COMPILE_CHECK_REQUIRED","","PROMOTION_CANDIDATE"
"E:\YOLLA\worktrees\a4-windows-build-v4\out\YOLLA_SITE_SCANNER_WAVE2_W01_W02_W03_PROMPTS\YOLLA_SITE_SCANNER_WAVE2_W01_W02_W03\W03_YOLLA_UI_ROUTE_COVERAGE_EXPLORATION_PLANNER_V1_PROMPT.txt","._staging\p0_core_import_20260730_174852\source_files\E\YOLLA\worktrees\a4-windows-build-v4\out\YOLLA_SITE_SCANNER_WAVE2_W01_W02_W03_PROMPTS\YOLLA_SITE_SCANNER_WAVE2_W01_W02_W03\W03_YOLLA_UI_ROUTE_COVERAGE_EXPLORATION_PLANNER_V1_PROMPT.txt","E:\YOLLA\source-factory-core\_staging\p0_core_import_20260730_174852\source_files\E\YOLLA\worktrees\a4-windows-build-v4\out\YOLLA_SITE_SCANNER_WAVE2_W01_W02_W03_PROMPTS\YOLLA_SITE_SCANNER_WAVE2_W01_W02_W03\W03_YOLLA_UI_ROUTE_COVERAGE_EXPLORATION_PLANNER_V1_PROMPT.txt","W03_YOLLA_UI_ROUTE_COVERAGE_EXPLORATION_PLANNER_V1_PROMPT.txt","P0_GPT_BROWSER_BRIDGE",".txt","597f9337d83fde438c8a842129a5072db49c22a8725233c7e66b03cb2a77f19f","597f9337d83fde438c8a842129a5072db49c22a8725233c7e66b03cb2a77f19f","True","11782","PASS_NO_COMPILE_CHECK_REQUIRED","","PROMOTION_CANDIDATE"
"E:\YOLLA\worktrees\a4-windows-build-v4\out\W04_DELIVERY_MESSAGE.txt","._staging\p0_core_import_20260730_174852\source_files\E\YOLLA\worktrees\a4-windows-build-v4\out\W04_DELIVERY_MESSAGE.txt","E:\YOLLA\source-factory-core\_staging\p0_core_import_20260730_174852\source_files\E\YOLLA\worktrees\a4-windows-build-v4\out\W04_DELIVERY_MESSAGE.txt","W04_DELIVERY_MESSAGE.txt","P0_GPT_BROWSER_BRIDGE",".txt","f1a3db8f685d03bad903938cd3e16cb3201ff265c73fca4f21d56ddee707c389","f1a3db8f685d03bad903938cd3e16cb3201ff265c73fca4f21d56ddee707c389","True","1002","PASS_NO_COMPILE_CHECK_REQUIRED","","PROMOTION_CANDIDATE"
"E:\YOLLA\worktrees\a4-windows-build-v4\out\W04_VERIFIER_FIX_AND_FINAL_INTEGRATION_THIRD_PASS_PROMPT.txt","._staging\p0_core_import_20260730_174852\source_files\E\YOLLA\worktrees\a4-windows-build-v4\out\W04_VERIFIER_FIX_AND_FINAL_INTEGRATION_THIRD_PASS_PROMPT.txt","E:\YOLLA\source-factory-core\_staging\p0_core_import_20260730_174852\source_files\E\YOLLA\worktrees\a4-windows-build-v4\out\W04_VERIFIER_FIX_AND_FINAL_INTEGRATION_THIRD_PASS_PROMPT.txt","W04_VERIFIER_FIX_AND_FINAL_INTEGRATION_THIRD_PASS_PROMPT.txt","P0_GPT_BROWSER_BRIDGE",".txt","84370ab0eb3675638a447d22ec9de663340710458a96285ff9ff6103cf173e32","84370ab0eb3675638a447d22ec9de663340710458a96285ff9ff6103cf173e32","True","11788","PASS_NO_COMPILE_CHECK_REQUIRED","","PROMOTION_CANDIDATE"
"E:\YOLLA\worktrees\a4-windows-build-v4\out\YOLLA_SITE_SCANNER_V1_WORKER_PACKAGE\W04_YOLLA_SITE_SCANNER_SEMANTIC_ADAPTER_PROMPT.txt","._staging\p0_core_import_20260730_174852\source_files\E\YOLLA\worktrees\a4-windows-build-v4\out\YOLLA_SITE_SCANNER_V1_WORKER_PACKAGE\W04_YOLLA_SITE_SCANNER_SEMANTIC_ADAPTER_PROMPT.txt","E:\YOLLA\source-factory-core\_staging\p0_core_import_20260730_174852\source_files\E\YOLLA\worktrees\a4-windows-build-v4\out\YOLLA_SITE_SCANNER_V1_WORKER_PACKAGE\W04_YOLLA_SITE_SCANNER_SEMANTIC_ADAPTER_PROMPT.txt","W04_YOLLA_SITE_SCANNER_SEMANTIC_ADAPTER_PROMPT.txt","P0_GPT_BROWSER_BRIDGE",".txt","50a8820e5307e8ef31a89cb66a23f8119f816d46d72cde2b5665b33c6b117563","50a8820e5307e8ef31a89cb66a23f8119f816d46d72cde2b5665b33c6b117563","True","11040","PASS_NO_COMPILE_CHECK_REQUIRED","","PROMOTION_CANDIDATE"
"E:\YOLLA\worktrees\a4-windows-build-v4\out\YOLLA_W11_W12_W13_PARALLEL_WORKER_PACKAGE\YOLLA_W11_W12_W13_PARALLEL_WORKER_PACKAGE\W12_YOLLA_DATA_COMMANDER_ORCHESTRATOR_V1_PROMPT.txt","._staging\p0_core_import_20260730_174852\source_files\E\YOLLA\worktrees\a4-windows-build-v4\out\YOLLA_W11_W12_W13_PARALLEL_WORKER_PACKAGE\YOLLA_W11_W12_W13_PARALLEL_WORKER_PACKAGE\W12_YOLLA_DATA_COMMANDER_ORCHESTRATOR_V1_PROMPT.txt","E:\YOLLA\source-factory-core\_staging\p0_core_import_20260730_174852\source_files\E\YOLLA\worktrees\a4-windows-build-v4\out\YOLLA_W11_W12_W13_PARALLEL_WORKER_PACKAGE\YOLLA_W11_W12_W13_PARALLEL_WORKER_PACKAGE\W12_YOLLA_DATA_COMMANDER_ORCHESTRATOR_V1_PROMPT.txt","W12_YOLLA_DATA_COMMANDER_ORCHESTRATOR_V1_PROMPT.txt","P0_GPT_BROWSER_BRIDGE",".txt","2618718b5c6de454e6b34de015704c011c6a8fc7eaa01296ba130f7a8a69e483","2618718b5c6de454e6b34de015704c011c6a8fc7eaa01296ba130f7a8a69e483","True","12026","PASS_NO_COMPILE_CHECK_REQUIRED","","PROMOTION_CANDIDATE"
"E:\YOLLA\worktrees\a4-windows-build-v4\s1\ship-now\wkr-004-install-restart\wave3_windows_service_bundle_v3\schemas\windows-service-bundle-receipt-v3.schema.json","._staging\p0_core_import_20260730_174852\source_files\E\YOLLA\worktrees\a4-windows-build-v4\s1\ship-now\wkr-004-install-restart\wave3_windows_service_bundle_v3\schemas\windows-service-bundle-receipt-v3.schema.json","E:\YOLLA\source-factory-core\_staging\p0_core_import_20260730_174852\source_files\E\YOLLA\worktrees\a4-windows-build-v4\s1\ship-now\wkr-004-install-restart\wave3_windows_service_bundle_v3\schemas\windows-service-bundle-receipt-v3.schema.json","windows-service-bundle-receipt-v3.schema.json","P0_GPT_BROWSER_BRIDGE",".json","6125cc47d142dbdaa1889f1290ea7f1000570a986aded88fb76162edede3aac6","6125cc47d142dbdaa1889f1290ea7f1000570a986aded88fb76162edede3aac6","True","1039","PASS_JSON_PARSE","","PROMOTION_CANDIDATE"
"E:\YOLLA\worktrees\a4-windows-build-v4\s1\ship-now\wkr-004-install-restart\events\WKR004_INSTALL_RESTART_ROLLBACK_EXECUTOR_PASS.json","._staging\p0_core_import_20260730_174852\source_files\E\YOLLA\worktrees\a4-windows-build-v4\s1\ship-now\wkr-004-install-restart\events\WKR004_INSTALL_RESTART_ROLLBACK_EXECUTOR_PASS.json","E:\YOLLA\source-factory-core\_staging\p0_core_import_20260730_174852\source_files\E\YOLLA\worktrees\a4-windows-build-v4\s1\ship-now\wkr-004-install-restart\events\WKR004_INSTALL_RESTART_ROLLBACK_EXECUTOR_PASS.json","WKR004_INSTALL_RESTART_ROLLBACK_EXECUTOR_PASS.json","P0_GPT_BROWSER_BRIDGE",".json","b855f43a873c71fe7b61a0311ad4b19a0a56f0bae5f99c5e35c8baf32c560325","b855f43a873c71fe7b61a0311ad4b19a0a56f0bae5f99c5e35c8baf32c560325","True","1115","PASS_JSON_PARSE","","PROMOTION_CANDIDATE"
"D:\SOURCE FACTORY\_HANDOFF_PACKAGES\PRE_STAGE3_PREVIOUS_COMMANDER_CLARIFICATION_PACKAGE_20260701_100643\01_REQUESTED_STAGE2_RECORD_AND_STATUS\_COMMANDER_REPORTS\COMMANDER_REPORT_PACKAGE_20260701_035338\00_READ_ME_FIRST_COMMANDER_REPORT.md","._staging\p0_core_import_20260730_174852\source_files\D\SOURCE_FACTORY\_HANDOFF_PACKAGES\PRE_STAGE3_PREVIOUS_COMMANDER_CLARIFICATION_PACKAGE_20260701_100643\01_REQUESTED_STAGE2_RECORD_AND_STATUS\_COMMANDER_REPORTS\COMMANDER_REPORT_PACKAGE_20260701_035338\00_READ_ME_FIRST_COMMANDER_REPORT.md","E:\YOLLA\source-factory-core\_staging\p0_core_import_20260730_174852\source_files\D\SOURCE_FACTORY\_HANDOFF_PACKAGES\PRE_STAGE3_PREVIOUS_COMMANDER_CLARIFICATION_PACKAGE_20260701_100643\01_REQUESTED_STAGE2_RECORD_AND_STATUS\_COMMANDER_REPORTS\COMMANDER_REPORT_PACKAGE_20260701_035338\00_READ_ME_FIRST_COMMANDER_REPORT.md","00_READ_ME_FIRST_COMMANDER_REPORT.md","P0_PC_AGENT_ROUTING_CORE",".md","bd7111759f82fe01ad4618aaa3c77687f4a78a4a8689f18289e607feab458246","bd7111759f82fe01ad4618aaa3c77687f4a78a4a8689f18289e607feab458246","True","1019","PASS_NO_COMPILE_CHECK_REQUIRED","","PROMOTION_CANDIDATE"
"D:\SOURCE FACTORY\_HANDOFF_PACKAGES\PRE_STAGE3_PREVIOUS_COMMANDER_CLARIFICATION_PACKAGE_20260701_094137\01_REQUESTED_STAGE2_RECORD_AND_STATUS\_COMMANDER_REPORTS\COMMANDER_REPORT_PACKAGE_20260701_062302\00_READ_ME_FIRST_COMMANDER_REPORT.md","._staging\p0_core_import_20260730_174852\source_files\D\SOURCE_FACTORY\_HANDOFF_PACKAGES\PRE_STAGE3_PREVIOUS_COMMANDER_CLARIFICATION_PACKAGE_20260701_094137\01_REQUESTED_STAGE2_RECORD_AND_STATUS\_COMMANDER_REPORTS\COMMANDER_REPORT_PACKAGE_20260701_062302\00_READ_ME_FIRST_COMMANDER_REPORT.md","E:\YOLLA\source-factory-core\_staging\p0_core_import_20260730_174852\source_files\D\SOURCE_FACTORY\_HANDOFF_PACKAGES\PRE_STAGE3_PREVIOUS_COMMANDER_CLARIFICATION_PACKAGE_20260701_094137\01_REQUESTED_STAGE2_RECORD_AND_STATUS\_COMMANDER_REPORTS\COMMANDER_REPORT_PACKAGE_20260701_062302\00_READ_ME_FIRST_COMMANDER_REPORT.md","00_READ_ME_FIRST_COMMANDER_REPORT.md","P0_PC_AGENT_ROUTING_CORE",".md","5ab04bdb4350ca57012bc712cccabf01fc48b7fa8aca51b2655d71d318a2ea57","5ab04bdb4350ca57012bc712cccabf01fc48b7fa8aca51b2655d71d318a2ea57","True","1019","PASS_NO_COMPILE_CHECK_REQUIRED","","PROMOTION_CANDIDATE"
"D:\SOURCE FACTORY\_COMMANDER_REPORTS\COMMANDER_REPORT_PACKAGE_20260701_062302\00_READ_ME_FIRST_COMMANDER_REPORT.md","._staging\p0_core_import_20260730_174852\source_files\D\SOURCE_FACTORY\_COMMANDER_REPORTS\COMMANDER_REPORT_PACKAGE_20260701_062302\00_READ_ME_FIRST_COMMANDER_REPORT.md","E:\YOLLA\source-factory-core\_staging\p0_core_import_20260730_174852\source_files\D\SOURCE_FACTORY\_COMMANDER_REPORTS\COMMANDER_REPORT_PACKAGE_20260701_062302\00_READ_ME_FIRST_COMMANDER_REPORT.md","00_READ_ME_FIRST_COMMANDER_REPORT.md","P0_PC_AGENT_ROUTING_CORE",".md","5ab04bdb4350ca57012bc712cccabf01fc48b7fa8aca51b2655d71d318a2ea57","5ab04bdb4350ca57012bc712cccabf01fc48b7fa8aca51b2655d71d318a2ea57","True","1019","PASS_NO_COMPILE_CHECK_REQUIRED","","PROMOTION_CANDIDATE"
"D:\SOURCE FACTORY\_HANDOFF_PACKAGES\PRE_STAGE3_PREVIOUS_COMMANDER_CLARIFICATION_PACKAGE_20260701_094137\01_REQUESTED_STAGE2_RECORD_AND_STATUS\_COMMANDER_REPORTS\COMMANDER_REPORT_PACKAGE_20260701_063010\00_READ_ME_FIRST_COMMANDER_REPORT.md","._staging\p0_core_import_20260730_174852\source_files\D\SOURCE_FACTORY\_HANDOFF_PACKAGES\PRE_STAGE3_PREVIOUS_COMMANDER_CLARIFICATION_PACKAGE_20260701_094137\01_REQUESTED_STAGE2_RECORD_AND_STATUS\_COMMANDER_REPORTS\COMMANDER_REPORT_PACKAGE_20260701_063010\00_READ_ME_FIRST_COMMANDER_REPORT.md","E:\YOLLA\source-factory-core\_staging\p0_core_import_20260730_174852\source_files\D\SOURCE_FACTORY\_HANDOFF_PACKAGES\PRE_STAGE3_PREVIOUS_COMMANDER_CLARIFICATION_PACKAGE_20260701_094137\01_REQUESTED_STAGE2_RECORD_AND_STATUS\_COMMANDER_REPORTS\COMMANDER_REPORT_PACKAGE_20260701_063010\00_READ_ME_FIRST_COMMANDER_REPORT.md","00_READ_ME_FIRST_COMMANDER_REPORT.md","P0_PC_AGENT_ROUTING_CORE",".md","5dd1c04946229fbb0b06f90d84466c5e1548aa739cdf0a4d8fde67aef1b17b8e","5dd1c04946229fbb0b06f90d84466c5e1548aa739cdf0a4d8fde67aef1b17b8e","True","1019","PASS_NO_COMPILE_CHECK_REQUIRED","","PROMOTION_CANDIDATE"
"D:\SOURCE FACTORY\_HANDOFF_PACKAGES\PRE_STAGE3_PREVIOUS_COMMANDER_CLARIFICATION_PACKAGE_20260701_094137\01_REQUESTED_STAGE2_RECORD_AND_STATUS\_COMMANDER_REPORTS\COMMANDER_REPORT_PACKAGE_20260701_061900\00_READ_ME_FIRST_COMMANDER_REPORT.md","._staging\p0_core_import_20260730_174852\source_files\D\SOURCE_FACTORY\_HANDOFF_PACKAGES\PRE_STAGE3_PREVIOUS_COMMANDER_CLARIFICATION_PACKAGE_20260701_094137\01_REQUESTED_STAGE2_RECORD_AND_STATUS\_COMMANDER_REPORTS\COMMANDER_REPORT_PACKAGE_20260701_061900\00_READ_ME_FIRST_COMMANDER_REPORT.md","E:\YOLLA\source-factory-core\_staging\p0_core_import_20260730_174852\source_files\D\SOURCE_FACTORY\_HANDOFF_PACKAGES\PRE_STAGE3_PREVIOUS_COMMANDER_CLARIFICATION_PACKAGE_20260701_094137\01_REQUESTED_STAGE2_RECORD_AND_STATUS\_COMMANDER_REPORTS\COMMANDER_REPORT_PACKAGE_20260701_061900\00_READ_ME_FIRST_COMMANDER_REPORT.md","00_READ_ME_FIRST_COMMANDER_REPORT.md","P0_PC_AGENT_ROUTING_CORE",".md","9c67bf3c25676fd5cad053259832bbeea28f1091753da939d5b22bf3f8ed4554","9c67bf3c25676fd5cad053259832bbeea28f1091753da939d5b22bf3f8ed4554","True","1019","PASS_NO_COMPILE_CHECK_REQUIRED","","PROMOTION_CANDIDATE"
"D:\SOURCE FACTORY\_COMMANDER_REPORTS\COMMANDER_REPORT_PACKAGE_20260701_063010\00_READ_ME_FIRST_COMMANDER_REPORT.md","._staging\p0_core_import_20260730_174852\source_files\D\SOURCE_FACTORY\_COMMANDER_REPORTS\COMMANDER_REPORT_PACKAGE_20260701_063010\00_READ_ME_FIRST_COMMANDER_REPORT.md","E:\YOLLA\source-factory-core\_staging\p0_core_import_20260730_174852\source_files\D\SOURCE_FACTORY\_COMMANDER_REPORTS\COMMANDER_REPORT_PACKAGE_20260701_063010\00_READ_ME_FIRST_COMMANDER_REPORT.md","00_READ_ME_FIRST_COMMANDER_REPORT.md","P0_PC_AGENT_ROUTING_CORE",".md","5dd1c04946229fbb0b06f90d84466c5e1548aa739cdf0a4d8fde67aef1b17b8e","5dd1c04946229fbb0b06f90d84466c5e1548aa739cdf0a4d8fde67aef1b17b8e","True","1019","PASS_NO_COMPILE_CHECK_REQUIRED","","PROMOTION_CANDIDATE"
"D:\SOURCE FACTORY\_COMMANDER_REPORTS\COMMANDER_REPORT_PACKAGE_20260701_035338\00_READ_ME_FIRST_COMMANDER_REPORT.md","._staging\p0_core_import_20260730_174852\source_files\D\SOURCE_FACTORY\_COMMANDER_REPORTS\COMMANDER_REPORT_PACKAGE_20260701_035338\00_READ_ME_FIRST_COMMANDER_REPORT.md","E:\YOLLA\source-factory-core\_staging\p0_core_import_20260730_174852\source_files\D\SOURCE_FACTORY\_COMMANDER_REPORTS\COMMANDER_REPORT_PACKAGE_20260701_035338\00_READ_ME_FIRST_COMMANDER_REPORT.md","00_READ_ME_FIRST_COMMANDER_REPORT.md","P0_PC_AGENT_ROUTING_CORE",".md","bd7111759f82fe01ad4618aaa3c77687f4a78a4a8689f18289e607feab458246","bd7111759f82fe01ad4618aaa3c77687f4a78a4a8689f18289e607feab458246","True","1019","PASS_NO_COMPILE_CHECK_REQUIRED","","PROMOTION_CANDIDATE"
"D:\SOURCE FACTORY\_COMMANDER_REPORTS\COMMANDER_REPORT_PACKAGE_20260701_061900\00_READ_ME_FIRST_COMMANDER_REPORT.md","._staging\p0_core_import_20260730_174852\source_files\D\SOURCE_FACTORY\_COMMANDER_REPORTS\COMMANDER_REPORT_PACKAGE_20260701_061900\00_READ_ME_FIRST_COMMANDER_REPORT.md","E:\YOLLA\source-factory-core\_staging\p0_core_import_20260730_174852\source_files\D\SOURCE_FACTORY\_COMMANDER_REPORTS\COMMANDER_REPORT_PACKAGE_20260701_061900\00_READ_ME_FIRST_COMMANDER_REPORT.md","00_READ_ME_FIRST_COMMANDER_REPORT.md","P0_PC_AGENT_ROUTING_CORE",".md","9c67bf3c25676fd5cad053259832bbeea28f1091753da939d5b22bf3f8ed4554","9c67bf3c25676fd5cad053259832bbeea28f1091753da939d5b22bf3f8ed4554","True","1019","PASS_NO_COMPILE_CHECK_REQUIRED","","PROMOTION_CANDIDATE"
"D:\SOURCE FACTORY\_HANDOFF_PACKAGES\PRE_STAGE3_PREVIOUS_COMMANDER_CLARIFICATION_PACKAGE_20260701_094137\01_REQUESTED_STAGE2_RECORD_AND_STATUS\_COMMANDER_REPORTS\COMMANDER_REPORT_PACKAGE_20260701_035338\00_READ_ME_FIRST_COMMANDER_REPORT.md","._staging\p0_core_import_20260730_174852\source_files\D\SOURCE_FACTORY\_HANDOFF_PACKAGES\PRE_STAGE3_PREVIOUS_COMMANDER_CLARIFICATION_PACKAGE_20260701_094137\01_REQUESTED_STAGE2_RECORD_AND_STATUS\_COMMANDER_REPORTS\COMMANDER_REPORT_PACKAGE_20260701_035338\00_READ_ME_FIRST_COMMANDER_REPORT.md","E:\YOLLA\source-factory-core\_staging\p0_core_import_20260730_174852\source_files\D\SOURCE_FACTORY\_HANDOFF_PACKAGES\PRE_STAGE3_PREVIOUS_COMMANDER_CLARIFICATION_PACKAGE_20260701_094137\01_REQUESTED_STAGE2_RECORD_AND_STATUS\_COMMANDER_REPORTS\COMMANDER_REPORT_PACKAGE_20260701_035338\00_READ_ME_FIRST_COMMANDER_REPORT.md","00_READ_ME_FIRST_COMMANDER_REPORT.md","P0_PC_AGENT_ROUTING_CORE",".md","bd7111759f82fe01ad4618aaa3c77687f4a78a4a8689f18289e607feab458246","bd7111759f82fe01ad4618aaa3c77687f4a78a4a8689f18289e607feab458246","True","1019","PASS_NO_COMPILE_CHECK_REQUIRED","","PROMOTION_CANDIDATE"
"D:\SOURCE FACTORY\_COMMANDER_REPORTS\COMMANDER_REPORT_PACKAGE_20260701_235518\00_READ_ME_FIRST_COMMANDER_REPORT.md","._staging\p0_core_import_20260730_174852\source_files\D\SOURCE_FACTORY\_COMMANDER_REPORTS\COMMANDER_REPORT_PACKAGE_20260701_235518\00_READ_ME_FIRST_COMMANDER_REPORT.md","E:\YOLLA\source-factory-core\_staging\p0_core_import_20260730_174852\source_files\D\SOURCE_FACTORY\_COMMANDER_REPORTS\COMMANDER_REPORT_PACKAGE_20260701_235518\00_READ_ME_FIRST_COMMANDER_REPORT.md","00_READ_ME_FIRST_COMMANDER_REPORT.md","P0_PC_AGENT_ROUTING_CORE",".md","45fb4a947f46b5326468375126d63d41ae3d4e638d58154f084fb424e318b8ff","45fb4a947f46b5326468375126d63d41ae3d4e638d58154f084fb424e318b8ff","True","1036","PASS_NO_COMPILE_CHECK_REQUIRED","","PROMOTION_CANDIDATE"
"D:\SOURCE FACTORY\_COMMANDER_REPORTS\COMMANDER_REPORT_PACKAGE_20260701_160640\00_READ_ME_FIRST_COMMANDER_REPORT.md","._staging\p0_core_import_20260730_174852\source_files\D\SOURCE_FACTORY\_COMMANDER_REPORTS\COMMANDER_REPORT_PACKAGE_20260701_160640\00_READ_ME_FIRST_COMMANDER_REPORT.md","E:\YOLLA\source-factory-core\_staging\p0_core_import_20260730_174852\source_files\D\SOURCE_FACTORY\_COMMANDER_REPORTS\COMMANDER_REPORT_PACKAGE_20260701_160640\00_READ_ME_FIRST_COMMANDER_REPORT.md","00_READ_ME_FIRST_COMMANDER_REPORT.md","P0_PC_AGENT_ROUTING_CORE",".md","ea1dfadcb1eb22ffc48dcfb21ef1ea51725050a5e7499019b90ce511c005b61d","ea1dfadcb1eb22ffc48dcfb21ef1ea51725050a5e7499019b90ce511c005b61d","True","1021","PASS_NO_COMPILE_CHECK_REQUIRED","","PROMOTION_CANDIDATE"
"D:\SOURCE FACTORY\_HANDOFF_PACKAGES\PRE_STAGE3_PREVIOUS_COMMANDER_CLARIFICATION_PACKAGE_20260701_100643\01_REQUESTED_STAGE2_RECORD_AND_STATUS\_COMMANDER_REPORTS\COMMANDER_REPORT_PACKAGE_20260701_061900\00_READ_ME_FIRST_COMMANDER_REPORT.md","._staging\p0_core_import_20260730_174852\source_files\D\SOURCE_FACTORY\_HANDOFF_PACKAGES\PRE_STAGE3_PREVIOUS_COMMANDER_CLARIFICATION_PACKAGE_20260701_100643\01_REQUESTED_STAGE2_RECORD_AND_STATUS\_COMMANDER_REPORTS\COMMANDER_REPORT_PACKAGE_20260701_061900\00_READ_ME_FIRST_COMMANDER_REPORT.md","E:\YOLLA\source-factory-core\_staging\p0_core_import_20260730_174852\source_files\D\SOURCE_FACTORY\_HANDOFF_PACKAGES\PRE_STAGE3_PREVIOUS_COMMANDER_CLARIFICATION_PACKAGE_20260701_100643\01_REQUESTED_STAGE2_RECORD_AND_STATUS\_COMMANDER_REPORTS\COMMANDER_REPORT_PACKAGE_20260701_061900\00_READ_ME_FIRST_COMMANDER_REPORT.md","00_READ_ME_FIRST_COMMANDER_REPORT.md","P0_PC_AGENT_ROUTING_CORE",".md","9c67bf3c25676fd5cad053259832bbeea28f1091753da939d5b22bf3f8ed4554","9c67bf3c25676fd5cad053259832bbeea28f1091753da939d5b22bf3f8ed4554","True","1019","PASS_NO_COMPILE_CHECK_REQUIRED","","PROMOTION_CANDIDATE"
"D:\SOURCE FACTORY\_HANDOFF_PACKAGES\PRE_STAGE3_PREVIOUS_COMMANDER_CLARIFICATION_PACKAGE_20260701_100643\01_REQUESTED_STAGE2_RECORD_AND_STATUS\_COMMANDER_REPORTS\COMMANDER_REPORT_PACKAGE_20260701_063010\00_READ_ME_FIRST_COMMANDER_REPORT.md","._staging\p0_core_import_20260730_174852\source_files\D\SOURCE_FACTORY\_HANDOFF_PACKAGES\PRE_STAGE3_PREVIOUS_COMMANDER_CLARIFICATION_PACKAGE_20260701_100643\01_REQUESTED_STAGE2_RECORD_AND_STATUS\_COMMANDER_REPORTS\COMMANDER_REPORT_PACKAGE_20260701_063010\00_READ_ME_FIRST_COMMANDER_REPORT.md","E:\YOLLA\source-factory-core\_staging\p0_core_import_20260730_174852\source_files\D\SOURCE_FACTORY\_HANDOFF_PACKAGES\PRE_STAGE3_PREVIOUS_COMMANDER_CLARIFICATION_PACKAGE_20260701_100643\01_REQUESTED_STAGE2_RECORD_AND_STATUS\_COMMANDER_REPORTS\COMMANDER_REPORT_PACKAGE_20260701_063010\00_READ_ME_FIRST_COMMANDER_REPORT.md","00_READ_ME_FIRST_COMMANDER_REPORT.md","P0_PC_AGENT_ROUTING_CORE",".md","5dd1c04946229fbb0b06f90d84466c5e1548aa739cdf0a4d8fde67aef1b17b8e","5dd1c04946229fbb0b06f90d84466c5e1548aa739cdf0a4d8fde67aef1b17b8e","True","1019","PASS_NO_COMPILE_CHECK_REQUIRED","","PROMOTION_CANDIDATE"
"D:\SOURCE FACTORY\_COMMANDER_REPORTS\COMMANDER_REPORT_PACKAGE_20260702_001229\00_READ_ME_FIRST_COMMANDER_REPORT.md","._staging\p0_core_import_20260730_174852\source_files\D\SOURCE_FACTORY\_COMMANDER_REPORTS\COMMANDER_REPORT_PACKAGE_20260702_001229\00_READ_ME_FIRST_COMMANDER_REPORT.md","E:\YOLLA\source-factory-core\_staging\p0_core_import_20260730_174852\source_files\D\SOURCE_FACTORY\_COMMANDER_REPORTS\COMMANDER_REPORT_PACKAGE_20260702_001229\00_READ_ME_FIRST_COMMANDER_REPORT.md","00_READ_ME_FIRST_COMMANDER_REPORT.md","P0_PC_AGENT_ROUTING_CORE",".md","0145e91360a71867facc1c9826d5e24ecd669e5a2cd342f25061f63bfe0147c0","0145e91360a71867facc1c9826d5e24ecd669e5a2cd342f25061f63bfe0147c0","True","1036","PASS_NO_COMPILE_CHECK_REQUIRED","","PROMOTION_CANDIDATE"
"D:\SOURCE FACTORY\_HANDOFF_PACKAGES\PRE_STAGE3_PREVIOUS_COMMANDER_CLARIFICATION_PACKAGE_20260701_100643\01_REQUESTED_STAGE2_RECORD_AND_STATUS\_COMMANDER_REPORTS\COMMANDER_REPORT_PACKAGE_20260701_062302\00_READ_ME_FIRST_COMMANDER_REPORT.md","._staging\p0_core_import_20260730_174852\source_files\D\SOURCE_FACTORY\_HANDOFF_PACKAGES\PRE_STAGE3_PREVIOUS_COMMANDER_CLARIFICATION_PACKAGE_20260701_100643\01_REQUESTED_STAGE2_RECORD_AND_STATUS\_COMMANDER_REPORTS\COMMANDER_REPORT_PACKAGE_20260701_062302\00_READ_ME_FIRST_COMMANDER_REPORT.md","E:\YOLLA\source-factory-core\_staging\p0_core_import_20260730_174852\source_files\D\SOURCE_FACTORY\_HANDOFF_PACKAGES\PRE_STAGE3_PREVIOUS_COMMANDER_CLARIFICATION_PACKAGE_20260701_100643\01_REQUESTED_STAGE2_RECORD_AND_STATUS\_COMMANDER_REPORTS\COMMANDER_REPORT_PACKAGE_20260701_062302\00_READ_ME_FIRST_COMMANDER_REPORT.md","00_READ_ME_FIRST_COMMANDER_REPORT.md","P0_PC_AGENT_ROUTING_CORE",".md","5ab04bdb4350ca57012bc712cccabf01fc48b7fa8aca51b2655d71d318a2ea57","5ab04bdb4350ca57012bc712cccabf01fc48b7fa8aca51b2655d71d318a2ea57","True","1019","PASS_NO_COMPILE_CHECK_REQUIRED","","PROMOTION_CANDIDATE"
"E:\YOLLA\repository\COMMAND_CENTER\AUTOMATION\V1\COMMANDER_WAKE_QUEUE\PENDING\B1-WAKE-TARGET-PC-ACCESS-AVAILABLE-20260728-001.json","._staging\p0_core_import_20260730_174852\source_files\E\YOLLA\repository\COMMAND_CENTER\AUTOMATION\V1\COMMANDER_WAKE_QUEUE\PENDING\B1-WAKE-TARGET-PC-ACCESS-AVAILABLE-20260728-001.json","E:\YOLLA\source-factory-core\_staging\p0_core_import_20260730_174852\source_files\E\YOLLA\repository\COMMAND_CENTER\AUTOMATION\V1\COMMANDER_WAKE_QUEUE\PENDING\B1-WAKE-TARGET-PC-ACCESS-AVAILABLE-20260728-001.json","B1-WAKE-TARGET-PC-ACCESS-AVAILABLE-20260728-001.json","P0_PC_AGENT_ROUTING_CORE",".json","831f5e3580d1d11d31a621ac29d07b1e3ba391f1d0f4295947470cb6d897b65a","831f5e3580d1d11d31a621ac29d07b1e3ba391f1d0f4295947470cb6d897b65a","True","1045","PASS_JSON_PARSE","","PROMOTION_CANDIDATE"
"E:\YOLLA\repository\workers\b2\actual_pc_event_automation_e_drive_state_v1\evidence\B2_PC_CONNECTION_GATE_V1.json","._staging\p0_core_import_20260730_174852\source_files\E\YOLLA\repository\workers\b2\actual_pc_event_automation_e_drive_state_v1\evidence\B2_PC_CONNECTION_GATE_V1.json","E:\YOLLA\source-factory-core\_staging\p0_core_import_20260730_174852\source_files\E\YOLLA\repository\workers\b2\actual_pc_event_automation_e_drive_state_v1\evidence\B2_PC_CONNECTION_GATE_V1.json","B2_PC_CONNECTION_GATE_V1.json","P0_PC_AGENT_ROUTING_CORE",".json","6b98aea753045af0d067b8cd9cd4558c38fad670ec2897568e9005f3a5d43dfe","6b98aea753045af0d067b8cd9cd4558c38fad670ec2897568e9005f3a5d43dfe","True","1018","PASS_JSON_PARSE","","PROMOTION_CANDIDATE"
"E:\YOLLA\repository\workers\b2\actual_pc_event_automation_e_drive_state_v1\evidence\B2_USER_ACTION_COMMAND_CORRECTION_V1.json","._staging\p0_core_import_20260730_174852\source_files\E\YOLLA\repository\workers\b2\actual_pc_event_automation_e_drive_state_v1\evidence\B2_USER_ACTION_COMMAND_CORRECTION_V1.json","E:\YOLLA\source-factory-core\_staging\p0_core_import_20260730_174852\source_files\E\YOLLA\repository\workers\b2\actual_pc_event_automation_e_drive_state_v1\evidence\B2_USER_ACTION_COMMAND_CORRECTION_V1.json","B2_USER_ACTION_COMMAND_CORRECTION_V1.json","P0_PC_AGENT_ROUTING_CORE",".json","ea37f9b1bf9fc8037c92cdf25f4ea2f44c3b885a179263890d54d2f3b9fa1c03","ea37f9b1bf9fc8037c92cdf25f4ea2f44c3b885a179263890d54d2f3b9fa1c03","True","1001","PASS_JSON_PARSE","","PROMOTION_CANDIDATE"
"E:\YOLLA\repository\workers\b2\actual_pc_event_automation_e_drive_state_v1\evidence\B2_USER_ACTION_REVISION_5_RECEIPT_V1.json","._staging\p0_core_import_20260730_174852\source_files\E\YOLLA\repository\workers\b2\actual_pc_event_automation_e_drive_state_v1\evidence\B2_USER_ACTION_REVISION_5_RECEIPT_V1.json","E:\YOLLA\source-factory-core\_staging\p0_core_import_20260730_174852\source_files\E\YOLLA\repository\workers\b2\actual_pc_event_automation_e_drive_state_v1\evidence\B2_USER_ACTION_REVISION_5_RECEIPT_V1.json","B2_USER_ACTION_REVISION_5_RECEIPT_V1.json","P0_PC_AGENT_ROUTING_CORE",".json","6c91a5417fd461257f07431bc3761c90413cb38ffb2c858191a842647c33547f","6c91a5417fd461257f07431bc3761c90413cb38ffb2c858191a842647c33547f","True","1060","PASS_JSON_PARSE","","PROMOTION_CANDIDATE"
"E:\YOLLA\repository\workers\b2\actual_api_db_staging_v1\B2_W12_PREFINAL_VALIDATOR.py","._staging\p0_core_import_20260730_174852\source_files\E\YOLLA\repository\workers\b2\actual_api_db_staging_v1\B2_W12_PREFINAL_VALIDATOR.py","E:\YOLLA\source-factory-core\_staging\p0_core_import_20260730_174852\source_files\E\YOLLA\repository\workers\b2\actual_api_db_staging_v1\B2_W12_PREFINAL_VALIDATOR.py","B2_W12_PREFINAL_VALIDATOR.py","P0_PC_AGENT_ROUTING_CORE",".py","371b0480110f4f5766202bdaabf2134617b5dcf1b03c3fa7a59501a14d033792","371b0480110f4f5766202bdaabf2134617b5dcf1b03c3fa7a59501a14d033792","True","10379","PASS_PY_COMPILE","","PROMOTION_CANDIDATE"
"D:\SOURCE FACTORY\_COMMANDER_REPORTS\COMMANDER_REPORT_PACKAGE_20260701_160640\COMMANDER_REPORT_PACKAGE_MANIFEST.json","._staging\p0_core_import_20260730_174852\source_files\D\SOURCE_FACTORY\_COMMANDER_REPORTS\COMMANDER_REPORT_PACKAGE_20260701_160640\COMMANDER_REPORT_PACKAGE_MANIFEST.json","E:\YOLLA\source-factory-core\_staging\p0_core_import_20260730_174852\source_files\D\SOURCE_FACTORY\_COMMANDER_REPORTS\COMMANDER_REPORT_PACKAGE_20260701_160640\COMMANDER_REPORT_PACKAGE_MANIFEST.json","COMMANDER_REPORT_PACKAGE_MANIFEST.json","P0_PC_AGENT_ROUTING_CORE",".json","695bc0d32e09afe548022c424a69d8324072639392857d179355353e989e8680","695bc0d32e09afe548022c424a69d8324072639392857d179355353e989e8680","True","10141","PASS_JSON_PARSE","","PROMOTION_CANDIDATE"
"E:\YOLLA\repository\workers\b2\actual_pc_event_automation_e_drive_state_v1\src\yolla_pc_agent\event_consumption_store.py","._staging\p0_core_import_20260730_174852\source_files\E\YOLLA\repository\workers\b2\actual_pc_event_automation_e_drive_state_v1\src\yolla_pc_agent\event_consumption_store.py","E:\YOLLA\source-factory-core\_staging\p0_core_import_20260730_174852\source_files\E\YOLLA\repository\workers\b2\actual_pc_event_automation_e_drive_state_v1\src\yolla_pc_agent\event_consumption_store.py","event_consumption_store.py","P0_PC_AGENT_ROUTING_CORE",".py","6ae1df3747b0bf3611fc0bbf904be1ea2033bef415a33e4ec0f4a4cd99207a73","6ae1df3747b0bf3611fc0bbf904be1ea2033bef415a33e4ec0f4a4cd99207a73","True","1051","PASS_PY_COMPILE","","PROMOTION_CANDIDATE"
"D:\SOURCE FACTORY\_COMMANDER_REPORTS\COMMANDER_REPORT_PACKAGE_20260702_001229\05_STRUCTURE\FILE_INDEX.csv","._staging\p0_core_import_20260730_174852\source_files\D\SOURCE_FACTORY\_COMMANDER_REPORTS\COMMANDER_REPORT_PACKAGE_20260702_001229\05_STRUCTURE\FILE_INDEX.csv","E:\YOLLA\source-factory-core\_staging\p0_core_import_20260730_174852\source_files\D\SOURCE_FACTORY\_COMMANDER_REPORTS\COMMANDER_REPORT_PACKAGE_20260702_001229\05_STRUCTURE\FILE_INDEX.csv","FILE_INDEX.csv","P0_PC_AGENT_ROUTING_CORE",".csv","98b284eda7554d6a4a2a0d4b176a9465e57ec28e86034460be082e894490460d","98b284eda7554d6a4a2a0d4b176a9465e57ec28e86034460be082e894490460d","True","1040541","PASS_NO_COMPILE_CHECK_REQUIRED","","PROMOTION_CANDIDATE"
"D:\SOURCE FACTORY\_COMMANDER_REPORTS\COMMANDER_REPORT_PACKAGE_20260701_235518\05_STRUCTURE\FILE_INDEX.csv","._staging\p0_core_import_20260730_174852\source_files\D\SOURCE_FACTORY\_COMMANDER_REPORTS\COMMANDER_REPORT_PACKAGE_20260701_235518\05_STRUCTURE\FILE_INDEX.csv","E:\YOLLA\source-factory-core\_staging\p0_core_import_20260730_174852\source_files\D\SOURCE_FACTORY\_COMMANDER_REPORTS\COMMANDER_REPORT_PACKAGE_20260701_235518\05_STRUCTURE\FILE_INDEX.csv","FILE_INDEX.csv","P0_PC_AGENT_ROUTING_CORE",".csv","a0b8f14ca9c286ffad294a4a0eed58affef591247beda88c498cee3828de3998","a0b8f14ca9c286ffad294a4a0eed58affef591247beda88c498cee3828de3998","True","1012629","PASS_NO_COMPILE_CHECK_REQUIRED","","PROMOTION_CANDIDATE"
"D:\SOURCE FACTORY\_COMMANDER_REPORTS\COMMANDER_REPORT_PACKAGE_20260701_005729\05_STRUCTURE\FILE_INDEX.json","._staging\p0_core_import_20260730_174852\source_files\D\SOURCE_FACTORY\_COMMANDER_REPORTS\COMMANDER_REPORT_PACKAGE_20260701_005729\05_STRUCTURE\FILE_INDEX.json","E:\YOLLA\source-factory-core\_staging\p0_core_import_20260730_174852\source_files\D\SOURCE_FACTORY\_COMMANDER_REPORTS\COMMANDER_REPORT_PACKAGE_20260701_005729\05_STRUCTURE\FILE_INDEX.json","FILE_INDEX.json","P0_PC_AGENT_ROUTING_CORE",".json","5b836df1aa46f191d7250d0d7e59e440aa652ff87b30e587f618305cdc5f9cd7","5b836df1aa46f191d7250d0d7e59e440aa652ff87b30e587f618305cdc5f9cd7","True","10252","PASS_JSON_PARSE","","PROMOTION_CANDIDATE"
"D:\SOURCE FACTORY\_HANDOFF_PACKAGES\PRE_STAGE3_PREVIOUS_COMMANDER_CLARIFICATION_PACKAGE_20260701_100643\01_REQUESTED_STAGE2_RECORD_AND_STATUS\_COMMANDER_REPORTS\COMMANDER_REPORT_PACKAGE_20260701_005729\05_STRUCTURE\FILE_INDEX.json","._staging\p0_core_import_20260730_174852\source_files\D\SOURCE_FACTORY\_HANDOFF_PACKAGES\PRE_STAGE3_PREVIOUS_COMMANDER_CLARIFICATION_PACKAGE_20260701_100643\01_REQUESTED_STAGE2_RECORD_AND_STATUS\_COMMANDER_REPORTS\COMMANDER_REPORT_PACKAGE_20260701_005729\05_STRUCTURE\FILE_INDEX.json","E:\YOLLA\source-factory-core\_staging\p0_core_import_20260730_174852\source_files\D\SOURCE_FACTORY\_HANDOFF_PACKAGES\PRE_STAGE3_PREVIOUS_COMMANDER_CLARIFICATION_PACKAGE_20260701_100643\01_REQUESTED_STAGE2_RECORD_AND_STATUS\_COMMANDER_REPORTS\COMMANDER_REPORT_PACKAGE_20260701_005729\05_STRUCTURE\FILE_INDEX.json","FILE_INDEX.json","P0_PC_AGENT_ROUTING_CORE",".json","5b836df1aa46f191d7250d0d7e59e440aa652ff87b30e587f618305cdc5f9cd7","5b836df1aa46f191d7250d0d7e59e440aa652ff87b30e587f618305cdc5f9cd7","True","10252","PASS_JSON_PARSE","","PROMOTION_CANDIDATE"
"D:\SOURCE FACTORY\_HANDOFF_PACKAGES\PRE_STAGE3_PREVIOUS_COMMANDER_CLARIFICATION_PACKAGE_20260701_094137\01_REQUESTED_STAGE2_RECORD_AND_STATUS\_COMMANDER_REPORTS\COMMANDER_REPORT_PACKAGE_20260701_005729\05_STRUCTURE\FILE_INDEX.json","._staging\p0_core_import_20260730_174852\source_files\D\SOURCE_FACTORY\_HANDOFF_PACKAGES\PRE_STAGE3_PREVIOUS_COMMANDER_CLARIFICATION_PACKAGE_20260701_094137\01_REQUESTED_STAGE2_RECORD_AND_STATUS\_COMMANDER_REPORTS\COMMANDER_REPORT_PACKAGE_20260701_005729\05_STRUCTURE\FILE_INDEX.json","E:\YOLLA\source-factory-core\_staging\p0_core_import_20260730_174852\source_files\D\SOURCE_FACTORY\_HANDOFF_PACKAGES\PRE_STAGE3_PREVIOUS_COMMANDER_CLARIFICATION_PACKAGE_20260701_094137\01_REQUESTED_STAGE2_RECORD_AND_STATUS\_COMMANDER_REPORTS\COMMANDER_REPORT_PACKAGE_20260701_005729\05_STRUCTURE\FILE_INDEX.json","FILE_INDEX.json","P0_PC_AGENT_ROUTING_CORE",".json","5b836df1aa46f191d7250d0d7e59e440aa652ff87b30e587f618305cdc5f9cd7","5b836df1aa46f191d7250d0d7e59e440aa652ff87b30e587f618305cdc5f9cd7","True","10252","PASS_JSON_PARSE","","PROMOTION_CANDIDATE"
"D:\SOURCE FACTORY\_COMMANDER_INBOX\20260701\RETURN_20260701_130913128_a80cb368\FULL_OUTPUT.txt","._staging\p0_core_import_20260730_174852\source_files\D\SOURCE_FACTORY\_COMMANDER_INBOX\20260701\RETURN_20260701_130913128_a80cb368\FULL_OUTPUT.txt","E:\YOLLA\source-factory-core\_staging\p0_core_import_20260730_174852\source_files\D\SOURCE_FACTORY\_COMMANDER_INBOX\20260701\RETURN_20260701_130913128_a80cb368\FULL_OUTPUT.txt","FULL_OUTPUT.txt","P0_PC_AGENT_ROUTING_CORE",".txt","e3b0c44298fc1c149afbf4c8996fb92427ae41e4649b934ca495991b7852b855","e3b0c44298fc1c149afbf4c8996fb92427ae41e4649b934ca495991b7852b855","True","0","PASS_NO_COMPILE_CHECK_REQUIRED","","PROMOTION_CANDIDATE"
"D:\SOURCE FACTORY\_COMMANDER_INBOX\20260701\RETURN_20260701_130850554_f4895c0a\FULL_OUTPUT.txt","._staging\p0_core_import_20260730_174852\source_files\D\SOURCE_FACTORY\_COMMANDER_INBOX\20260701\RETURN_20260701_130850554_f4895c0a\FULL_OUTPUT.txt","E:\YOLLA\source-factory-core\_staging\p0_core_import_20260730_174852\source_files\D\SOURCE_FACTORY\_COMMANDER_INBOX\20260701\RETURN_20260701_130850554_f4895c0a\FULL_OUTPUT.txt","FULL_OUTPUT.txt","P0_PC_AGENT_ROUTING_CORE",".txt","e3b0c44298fc1c149afbf4c8996fb92427ae41e4649b934ca495991b7852b855","e3b0c44298fc1c149afbf4c8996fb92427ae41e4649b934ca495991b7852b855","True","0","PASS_NO_COMPILE_CHECK_REQUIRED","","PROMOTION_CANDIDATE"
"D:\SOURCE FACTORY\_COMMANDER_INBOX\20260701\RETURN_20260701_130848309_8c357311\FULL_OUTPUT.txt","._staging\p0_core_import_20260730_174852\source_files\D\SOURCE_FACTORY\_COMMANDER_INBOX\20260701\RETURN_20260701_130848309_8c357311\FULL_OUTPUT.txt","E:\YOLLA\source-factory-core\_staging\p0_core_import_20260730_174852\source_files\D\SOURCE_FACTORY\_COMMANDER_INBOX\20260701\RETURN_20260701_130848309_8c357311\FULL_OUTPUT.txt","FULL_OUTPUT.txt","P0_PC_AGENT_ROUTING_CORE",".txt","e3b0c44298fc1c149afbf4c8996fb92427ae41e4649b934ca495991b7852b855","e3b0c44298fc1c149afbf4c8996fb92427ae41e4649b934ca495991b7852b855","True","0","PASS_NO_COMPILE_CHECK_REQUIRED","","PROMOTION_CANDIDATE"
"D:\SOURCE FACTORY\_COMMANDER_INBOX\20260701\RETURN_20260701_131617212_ecdfaf85\FULL_OUTPUT.txt","._staging\p0_core_import_20260730_174852\source_files\D\SOURCE_FACTORY\_COMMANDER_INBOX\20260701\RETURN_20260701_131617212_ecdfaf85\FULL_OUTPUT.txt","E:\YOLLA\source-factory-core\_staging\p0_core_import_20260730_174852\source_files\D\SOURCE_FACTORY\_COMMANDER_INBOX\20260701\RETURN_20260701_131617212_ecdfaf85\FULL_OUTPUT.txt","FULL_OUTPUT.txt","P0_PC_AGENT_ROUTING_CORE",".txt","e3b0c44298fc1c149afbf4c8996fb92427ae41e4649b934ca495991b7852b855","e3b0c44298fc1c149afbf4c8996fb92427ae41e4649b934ca495991b7852b855","True","0","PASS_NO_COMPILE_CHECK_REQUIRED","","PROMOTION_CANDIDATE"
"D:\SOURCE FACTORY\_COMMANDER_INBOX\20260701\RETURN_20260701_134548490_64d072f6\FULL_OUTPUT.txt","._staging\p0_core_import_20260730_174852\source_files\D\SOURCE_FACTORY\_COMMANDER_INBOX\20260701\RETURN_20260701_134548490_64d072f6\FULL_OUTPUT.txt","E:\YOLLA\source-factory-core\_staging\p0_core_import_20260730_174852\source_files\D\SOURCE_FACTORY\_COMMANDER_INBOX\20260701\RETURN_20260701_134548490_64d072f6\FULL_OUTPUT.txt","FULL_OUTPUT.txt","P0_PC_AGENT_ROUTING_CORE",".txt","e3b0c44298fc1c149afbf4c8996fb92427ae41e4649b934ca495991b7852b855","e3b0c44298fc1c149afbf4c8996fb92427ae41e4649b934ca495991b7852b855","True","0","PASS_NO_COMPILE_CHECK_REQUIRED","","PROMOTION_CANDIDATE"
"D:\SOURCE FACTORY\_COMMANDER_INBOX\20260701\RETURN_20260701_134548307_b5739a90\FULL_OUTPUT.txt","._staging\p0_core_import_20260730_174852\source_files\D\SOURCE_FACTORY\_COMMANDER_INBOX\20260701\RETURN_20260701_134548307_b5739a90\FULL_OUTPUT.txt","E:\YOLLA\source-factory-core\_staging\p0_core_import_20260730_174852\source_files\D\SOURCE_FACTORY\_COMMANDER_INBOX\20260701\RETURN_20260701_134548307_b5739a90\FULL_OUTPUT.txt","FULL_OUTPUT.txt","P0_PC_AGENT_ROUTING_CORE",".txt","e3b0c44298fc1c149afbf4c8996fb92427ae41e4649b934ca495991b7852b855","e3b0c44298fc1c149afbf4c8996fb92427ae41e4649b934ca495991b7852b855","True","0","PASS_NO_COMPILE_CHECK_REQUIRED","","PROMOTION_CANDIDATE"
"D:\SOURCE FACTORY\_COMMANDER_INBOX\20260701\RETURN_20260701_131627948_88470814\FULL_OUTPUT.txt","._staging\p0_core_import_20260730_174852\source_files\D\SOURCE_FACTORY\_COMMANDER_INBOX\20260701\RETURN_20260701_131627948_88470814\FULL_OUTPUT.txt","E:\YOLLA\source-factory-core\_staging\p0_core_import_20260730_174852\source_files\D\SOURCE_FACTORY\_COMMANDER_INBOX\20260701\RETURN_20260701_131627948_88470814\FULL_OUTPUT.txt","FULL_OUTPUT.txt","P0_PC_AGENT_ROUTING_CORE",".txt","e3b0c44298fc1c149afbf4c8996fb92427ae41e4649b934ca495991b7852b855","e3b0c44298fc1c149afbf4c8996fb92427ae41e4649b934ca495991b7852b855","True","0","PASS_NO_COMPILE_CHECK_REQUIRED","","PROMOTION_CANDIDATE"
"D:\SOURCE FACTORY\_COMMANDER_INBOX\20260701\RETURN_20260701_134548668_7be62a5e\FULL_OUTPUT.txt","._staging\p0_core_import_20260730_174852\source_files\D\SOURCE_FACTORY\_COMMANDER_INBOX\20260701\RETURN_20260701_134548668_7be62a5e\FULL_OUTPUT.txt","E:\YOLLA\source-factory-core\_staging\p0_core_import_20260730_174852\source_files\D\SOURCE_FACTORY\_COMMANDER_INBOX\20260701\RETURN_20260701_134548668_7be62a5e\FULL_OUTPUT.txt","FULL_OUTPUT.txt","P0_PC_AGENT_ROUTING_CORE",".txt","e3b0c44298fc1c149afbf4c8996fb92427ae41e4649b934ca495991b7852b855","e3b0c44298fc1c149afbf4c8996fb92427ae41e4649b934ca495991b7852b855","True","0","PASS_NO_COMPILE_CHECK_REQUIRED","","PROMOTION_CANDIDATE"
"D:\SOURCE FACTORY\_COMMANDER_INBOX\20260701\RETURN_20260701_134549278_a69e67c1\FULL_OUTPUT.txt","._staging\p0_core_import_20260730_174852\source_files\D\SOURCE_FACTORY\_COMMANDER_INBOX\20260701\RETURN_20260701_134549278_a69e67c1\FULL_OUTPUT.txt","E:\YOLLA\source-factory-core\_staging\p0_core_import_20260730_174852\source_files\D\SOURCE_FACTORY\_COMMANDER_INBOX\20260701\RETURN_20260701_134549278_a69e67c1\FULL_OUTPUT.txt","FULL_OUTPUT.txt","P0_PC_AGENT_ROUTING_CORE",".txt","e3b0c44298fc1c149afbf4c8996fb92427ae41e4649b934ca495991b7852b855","e3b0c44298fc1c149afbf4c8996fb92427ae41e4649b934ca495991b7852b855","True","0","PASS_NO_COMPILE_CHECK_REQUIRED","","PROMOTION_CANDIDATE"
"D:\SOURCE FACTORY\_COMMANDER_INBOX\20260701\RETURN_20260701_134549063_4d63f4f8\FULL_OUTPUT.txt","._staging\p0_core_import_20260730_174852\source_files\D\SOURCE_FACTORY\_COMMANDER_INBOX\20260701\RETURN_20260701_134549063_4d63f4f8\FULL_OUTPUT.txt","E:\YOLLA\source-factory-core\_staging\p0_core_import_20260730_174852\source_files\D\SOURCE_FACTORY\_COMMANDER_INBOX\20260701\RETURN_20260701_134549063_4d63f4f8\FULL_OUTPUT.txt","FULL_OUTPUT.txt","P0_PC_AGENT_ROUTING_CORE",".txt","e3b0c44298fc1c149afbf4c8996fb92427ae41e4649b934ca495991b7852b855","e3b0c44298fc1c149afbf4c8996fb92427ae41e4649b934ca495991b7852b855","True","0","PASS_NO_COMPILE_CHECK_REQUIRED","","PROMOTION_CANDIDATE"
"D:\SOURCE FACTORY\_COMMANDER_INBOX\20260701\RETURN_20260701_134548865_c76ffcc1\FULL_OUTPUT.txt","._staging\p0_core_import_20260730_174852\source_files\D\SOURCE_FACTORY\_COMMANDER_INBOX\20260701\RETURN_20260701_134548865_c76ffcc1\FULL_OUTPUT.txt","E:\YOLLA\source-factory-core\_staging\p0_core_import_20260730_174852\source_files\D\SOURCE_FACTORY\_COMMANDER_INBOX\20260701\RETURN_20260701_134548865_c76ffcc1\FULL_OUTPUT.txt","FULL_OUTPUT.txt","P0_PC_AGENT_ROUTING_CORE",".txt","e3b0c44298fc1c149afbf4c8996fb92427ae41e4649b934ca495991b7852b855","e3b0c44298fc1c149afbf4c8996fb92427ae41e4649b934ca495991b7852b855","True","0","PASS_NO_COMPILE_CHECK_REQUIRED","","PROMOTION_CANDIDATE"
"D:\SOURCE FACTORY\_COMMANDER_INBOX\20260701\RETURN_20260701_134547453_bd290442\FULL_OUTPUT.txt","._staging\p0_core_import_20260730_174852\source_files\D\SOURCE_FACTORY\_COMMANDER_INBOX\20260701\RETURN_20260701_134547453_bd290442\FULL_OUTPUT.txt","E:\YOLLA\source-factory-core\_staging\p0_core_import_20260730_174852\source_files\D\SOURCE_FACTORY\_COMMANDER_INBOX\20260701\RETURN_20260701_134547453_bd290442\FULL_OUTPUT.txt","FULL_OUTPUT.txt","P0_PC_AGENT_ROUTING_CORE",".txt","e3b0c44298fc1c149afbf4c8996fb92427ae41e4649b934ca495991b7852b855","e3b0c44298fc1c149afbf4c8996fb92427ae41e4649b934ca495991b7852b855","True","0","PASS_NO_COMPILE_CHECK_REQUIRED","","PROMOTION_CANDIDATE"
"D:\SOURCE FACTORY\_COMMANDER_INBOX\20260701\RETURN_20260701_134547876_89f844de\FULL_OUTPUT.txt","._staging\p0_core_import_20260730_174852\source_files\D\SOURCE_FACTORY\_COMMANDER_INBOX\20260701\RETURN_20260701_134547876_89f844de\FULL_OUTPUT.txt","E:\YOLLA\source-factory-core\_staging\p0_core_import_20260730_174852\source_files\D\SOURCE_FACTORY\_COMMANDER_INBOX\20260701\RETURN_20260701_134547876_89f844de\FULL_OUTPUT.txt","FULL_OUTPUT.txt","P0_PC_AGENT_ROUTING_CORE",".txt","e3b0c44298fc1c149afbf4c8996fb92427ae41e4649b934ca495991b7852b855","e3b0c44298fc1c149afbf4c8996fb92427ae41e4649b934ca495991b7852b855","True","0","PASS_NO_COMPILE_CHECK_REQUIRED","","PROMOTION_CANDIDATE"
"D:\SOURCE FACTORY\_COMMANDER_INBOX\20260701\RETURN_20260701_134548118_5776426e\FULL_OUTPUT.txt","._staging\p0_core_import_20260730_174852\source_files\D\SOURCE_FACTORY\_COMMANDER_INBOX\20260701\RETURN_20260701_134548118_5776426e\FULL_OUTPUT.txt","E:\YOLLA\source-factory-core\_staging\p0_core_import_20260730_174852\source_files\D\SOURCE_FACTORY\_COMMANDER_INBOX\20260701\RETURN_20260701_134548118_5776426e\FULL_OUTPUT.txt","FULL_OUTPUT.txt","P0_PC_AGENT_ROUTING_CORE",".txt","e3b0c44298fc1c149afbf4c8996fb92427ae41e4649b934ca495991b7852b855","e3b0c44298fc1c149afbf4c8996fb92427ae41e4649b934ca495991b7852b855","True","0","PASS_NO_COMPILE_CHECK_REQUIRED","","PROMOTION_CANDIDATE"
"D:\SOURCE FACTORY\_COMMANDER_INBOX\20260701\RETURN_20260701_134544937_e4a5deb1\FULL_OUTPUT.txt","._staging\p0_core_import_20260730_174852\source_files\D\SOURCE_FACTORY\_COMMANDER_INBOX\20260701\RETURN_20260701_134544937_e4a5deb1\FULL_OUTPUT.txt","E:\YOLLA\source-factory-core\_staging\p0_core_import_20260730_174852\source_files\D\SOURCE_FACTORY\_COMMANDER_INBOX\20260701\RETURN_20260701_134544937_e4a5deb1\FULL_OUTPUT.txt","FULL_OUTPUT.txt","P0_PC_AGENT_ROUTING_CORE",".txt","e3b0c44298fc1c149afbf4c8996fb92427ae41e4649b934ca495991b7852b855","e3b0c44298fc1c149afbf4c8996fb92427ae41e4649b934ca495991b7852b855","True","0","PASS_NO_COMPILE_CHECK_REQUIRED","","PROMOTION_CANDIDATE"
"D:\SOURCE FACTORY\_COMMANDER_INBOX\20260701\RETURN_20260701_131637768_672fec49\FULL_OUTPUT.txt","._staging\p0_core_import_20260730_174852\source_files\D\SOURCE_FACTORY\_COMMANDER_INBOX\20260701\RETURN_20260701_131637768_672fec49\FULL_OUTPUT.txt","E:\YOLLA\source-factory-core\_staging\p0_core_import_20260730_174852\source_files\D\SOURCE_FACTORY\_COMMANDER_INBOX\20260701\RETURN_20260701_131637768_672fec49\FULL_OUTPUT.txt","FULL_OUTPUT.txt","P0_PC_AGENT_ROUTING_CORE",".txt","e3b0c44298fc1c149afbf4c8996fb92427ae41e4649b934ca495991b7852b855","e3b0c44298fc1c149afbf4c8996fb92427ae41e4649b934ca495991b7852b855","True","0","PASS_NO_COMPILE_CHECK_REQUIRED","","PROMOTION_CANDIDATE"
"D:\SOURCE FACTORY\_COMMANDER_INBOX\20260701\RETURN_20260701_131638868_c5b28a93\FULL_OUTPUT.txt","._staging\p0_core_import_20260730_174852\source_files\D\SOURCE_FACTORY\_COMMANDER_INBOX\20260701\RETURN_20260701_131638868_c5b28a93\FULL_OUTPUT.txt","E:\YOLLA\source-factory-core\_staging\p0_core_import_20260730_174852\source_files\D\SOURCE_FACTORY\_COMMANDER_INBOX\20260701\RETURN_20260701_131638868_c5b28a93\FULL_OUTPUT.txt","FULL_OUTPUT.txt","P0_PC_AGENT_ROUTING_CORE",".txt","e3b0c44298fc1c149afbf4c8996fb92427ae41e4649b934ca495991b7852b855","e3b0c44298fc1c149afbf4c8996fb92427ae41e4649b934ca495991b7852b855","True","0","PASS_NO_COMPILE_CHECK_REQUIRED","","PROMOTION_CANDIDATE"
"D:\SOURCE FACTORY\_COMMANDER_INBOX\20260701\RETURN_20260701_134533598_585b2758\FULL_OUTPUT.txt","._staging\p0_core_import_20260730_174852\source_files\D\SOURCE_FACTORY\_COMMANDER_INBOX\20260701\RETURN_20260701_134533598_585b2758\FULL_OUTPUT.txt","E:\YOLLA\source-factory-core\_staging\p0_core_import_20260730_174852\source_files\D\SOURCE_FACTORY\_COMMANDER_INBOX\20260701\RETURN_20260701_134533598_585b2758\FULL_OUTPUT.txt","FULL_OUTPUT.txt","P0_PC_AGENT_ROUTING_CORE",".txt","e3b0c44298fc1c149afbf4c8996fb92427ae41e4649b934ca495991b7852b855","e3b0c44298fc1c149afbf4c8996fb92427ae41e4649b934ca495991b7852b855","True","0","PASS_NO_COMPILE_CHECK_REQUIRED","","PROMOTION_CANDIDATE"
"D:\SOURCE FACTORY\_COMMANDER_INBOX\20260701\RETURN_20260701_134632586_09bf3f7c\FULL_OUTPUT.txt","._staging\p0_core_import_20260730_174852\source_files\D\SOURCE_FACTORY\_COMMANDER_INBOX\20260701\RETURN_20260701_134632586_09bf3f7c\FULL_OUTPUT.txt","E:\YOLLA\source-factory-core\_staging\p0_core_import_20260730_174852\source_files\D\SOURCE_FACTORY\_COMMANDER_INBOX\20260701\RETURN_20260701_134632586_09bf3f7c\FULL_OUTPUT.txt","FULL_OUTPUT.txt","P0_PC_AGENT_ROUTING_CORE",".txt","e3b0c44298fc1c149afbf4c8996fb92427ae41e4649b934ca495991b7852b855","e3b0c44298fc1c149afbf4c8996fb92427ae41e4649b934ca495991b7852b855","True","0","PASS_NO_COMPILE_CHECK_REQUIRED","","PROMOTION_CANDIDATE"
"D:\SOURCE FACTORY\_COMMANDER_INBOX\20260701\RETURN_20260701_134631686_367f9a31\FULL_OUTPUT.txt","._staging\p0_core_import_20260730_174852\source_files\D\SOURCE_FACTORY\_COMMANDER_INBOX\20260701\RETURN_20260701_134631686_367f9a31\FULL_OUTPUT.txt","E:\YOLLA\source-factory-core\_staging\p0_core_import_20260730_174852\source_files\D\SOURCE_FACTORY\_COMMANDER_INBOX\20260701\RETURN_20260701_134631686_367f9a31\FULL_OUTPUT.txt","FULL_OUTPUT.txt","P0_PC_AGENT_ROUTING_CORE",".txt","e3b0c44298fc1c149afbf4c8996fb92427ae41e4649b934ca495991b7852b855","e3b0c44298fc1c149afbf4c8996fb92427ae41e4649b934ca495991b7852b855","True","0","PASS_NO_COMPILE_CHECK_REQUIRED","","PROMOTION_CANDIDATE"
"D:\SOURCE FACTORY\_COMMANDER_INBOX\20260701\RETURN_20260701_134625524_5774ae82\FULL_OUTPUT.txt","._staging\p0_core_import_20260730_174852\source_files\D\SOURCE_FACTORY\_COMMANDER_INBOX\20260701\RETURN_20260701_134625524_5774ae82\FULL_OUTPUT.txt","E:\YOLLA\source-factory-core\_staging\p0_core_import_20260730_174852\source_files\D\SOURCE_FACTORY\_COMMANDER_INBOX\20260701\RETURN_20260701_134625524_5774ae82\FULL_OUTPUT.txt","FULL_OUTPUT.txt","P0_PC_AGENT_ROUTING_CORE",".txt","e3b0c44298fc1c149afbf4c8996fb92427ae41e4649b934ca495991b7852b855","e3b0c44298fc1c149afbf4c8996fb92427ae41e4649b934ca495991b7852b855","True","0","PASS_NO_COMPILE_CHECK_REQUIRED","","PROMOTION_CANDIDATE"
"D:\SOURCE FACTORY\_COMMANDER_INBOX\20260701\RETURN_20260701_134633232_37f33504\FULL_OUTPUT.txt","._staging\p0_core_import_20260730_174852\source_files\D\SOURCE_FACTORY\_COMMANDER_INBOX\20260701\RETURN_20260701_134633232_37f33504\FULL_OUTPUT.txt","E:\YOLLA\source-factory-core\_staging\p0_core_import_20260730_174852\source_files\D\SOURCE_FACTORY\_COMMANDER_INBOX\20260701\RETURN_20260701_134633232_37f33504\FULL_OUTPUT.txt","FULL_OUTPUT.txt","P0_PC_AGENT_ROUTING_CORE",".txt","e3b0c44298fc1c149afbf4c8996fb92427ae41e4649b934ca495991b7852b855","e3b0c44298fc1c149afbf4c8996fb92427ae41e4649b934ca495991b7852b855","True","0","PASS_NO_COMPILE_CHECK_REQUIRED","","PROMOTION_CANDIDATE"
"D:\SOURCE FACTORY\_COMMANDER_INBOX\20260701\RETURN_20260701_134645618_e5a40201\FULL_OUTPUT.txt","._staging\p0_core_import_20260730_174852\source_files\D\SOURCE_FACTORY\_COMMANDER_INBOX\20260701\RETURN_20260701_134645618_e5a40201\FULL_OUTPUT.txt","E:\YOLLA\source-factory-core\_staging\p0_core_import_20260730_174852\source_files\D\SOURCE_FACTORY\_COMMANDER_INBOX\20260701\RETURN_20260701_134645618_e5a40201\FULL_OUTPUT.txt","FULL_OUTPUT.txt","P0_PC_AGENT_ROUTING_CORE",".txt","e3b0c44298fc1c149afbf4c8996fb92427ae41e4649b934ca495991b7852b855","e3b0c44298fc1c149afbf4c8996fb92427ae41e4649b934ca495991b7852b855","True","0","PASS_NO_COMPILE_CHECK_REQUIRED","","PROMOTION_CANDIDATE"
"D:\SOURCE FACTORY\_COMMANDER_INBOX\20260701\RETURN_20260701_134645432_4d113f91\FULL_OUTPUT.txt","._staging\p0_core_import_20260730_174852\source_files\D\SOURCE_FACTORY\_COMMANDER_INBOX\20260701\RETURN_20260701_134645432_4d113f91\FULL_OUTPUT.txt","E:\YOLLA\source-factory-core\_staging\p0_core_import_20260730_174852\source_files\D\SOURCE_FACTORY\_COMMANDER_INBOX\20260701\RETURN_20260701_134645432_4d113f91\FULL_OUTPUT.txt","FULL_OUTPUT.txt","P0_PC_AGENT_ROUTING_CORE",".txt","e3b0c44298fc1c149afbf4c8996fb92427ae41e4649b934ca495991b7852b855","e3b0c44298fc1c149afbf4c8996fb92427ae41e4649b934ca495991b7852b855","True","0","PASS_NO_COMPILE_CHECK_REQUIRED","","PROMOTION_CANDIDATE"
"D:\SOURCE FACTORY\_COMMANDER_INBOX\20260701\RETURN_20260701_134645149_00052832\FULL_OUTPUT.txt","._staging\p0_core_import_20260730_174852\source_files\D\SOURCE_FACTORY\_COMMANDER_INBOX\20260701\RETURN_20260701_134645149_00052832\FULL_OUTPUT.txt","E:\YOLLA\source-factory-core\_staging\p0_core_import_20260730_174852\source_files\D\SOURCE_FACTORY\_COMMANDER_INBOX\20260701\RETURN_20260701_134645149_00052832\FULL_OUTPUT.txt","FULL_OUTPUT.txt","P0_PC_AGENT_ROUTING_CORE",".txt","e3b0c44298fc1c149afbf4c8996fb92427ae41e4649b934ca495991b7852b855","e3b0c44298fc1c149afbf4c8996fb92427ae41e4649b934ca495991b7852b855","True","0","PASS_NO_COMPILE_CHECK_REQUIRED","","PROMOTION_CANDIDATE"
"D:\SOURCE FACTORY\_COMMANDER_INBOX\20260701\RETURN_20260701_134553463_28e5848f\FULL_OUTPUT.txt","._staging\p0_core_import_20260730_174852\source_files\D\SOURCE_FACTORY\_COMMANDER_INBOX\20260701\RETURN_20260701_134553463_28e5848f\FULL_OUTPUT.txt","E:\YOLLA\source-factory-core\_staging\p0_core_import_20260730_174852\source_files\D\SOURCE_FACTORY\_COMMANDER_INBOX\20260701\RETURN_20260701_134553463_28e5848f\FULL_OUTPUT.txt","FULL_OUTPUT.txt","P0_PC_AGENT_ROUTING_CORE",".txt","e3b0c44298fc1c149afbf4c8996fb92427ae41e4649b934ca495991b7852b855","e3b0c44298fc1c149afbf4c8996fb92427ae41e4649b934ca495991b7852b855","True","0","PASS_NO_COMPILE_CHECK_REQUIRED","","PROMOTION_CANDIDATE"
"D:\SOURCE FACTORY\_COMMANDER_INBOX\20260701\RETURN_20260701_134553051_505b63c7\FULL_OUTPUT.txt","._staging\p0_core_import_20260730_174852\source_files\D\SOURCE_FACTORY\_COMMANDER_INBOX\20260701\RETURN_20260701_134553051_505b63c7\FULL_OUTPUT.txt","E:\YOLLA\source-factory-core\_staging\p0_core_import_20260730_174852\source_files\D\SOURCE_FACTORY\_COMMANDER_INBOX\20260701\RETURN_20260701_134553051_505b63c7\FULL_OUTPUT.txt","FULL_OUTPUT.txt","P0_PC_AGENT_ROUTING_CORE",".txt","e3b0c44298fc1c149afbf4c8996fb92427ae41e4649b934ca495991b7852b855","e3b0c44298fc1c149afbf4c8996fb92427ae41e4649b934ca495991b7852b855","True","0","PASS_NO_COMPILE_CHECK_REQUIRED","","PROMOTION_CANDIDATE"
"D:\SOURCE FACTORY\_COMMANDER_INBOX\20260701\RETURN_20260701_134549480_fb516d37\FULL_OUTPUT.txt","._staging\p0_core_import_20260730_174852\source_files\D\SOURCE_FACTORY\_COMMANDER_INBOX\20260701\RETURN_20260701_134549480_fb516d37\FULL_OUTPUT.txt","E:\YOLLA\source-factory-core\_staging\p0_core_import_20260730_174852\source_files\D\SOURCE_FACTORY\_COMMANDER_INBOX\20260701\RETURN_20260701_134549480_fb516d37\FULL_OUTPUT.txt","FULL_OUTPUT.txt","P0_PC_AGENT_ROUTING_CORE",".txt","e3b0c44298fc1c149afbf4c8996fb92427ae41e4649b934ca495991b7852b855","e3b0c44298fc1c149afbf4c8996fb92427ae41e4649b934ca495991b7852b855","True","0","PASS_NO_COMPILE_CHECK_REQUIRED","","PROMOTION_CANDIDATE"
"D:\SOURCE FACTORY\_COMMANDER_INBOX\20260701\RETURN_20260701_134554077_5446496f\FULL_OUTPUT.txt","._staging\p0_core_import_20260730_174852\source_files\D\SOURCE_FACTORY\_COMMANDER_INBOX\20260701\RETURN_20260701_134554077_5446496f\FULL_OUTPUT.txt","E:\YOLLA\source-factory-core\_staging\p0_core_import_20260730_174852\source_files\D\SOURCE_FACTORY\_COMMANDER_INBOX\20260701\RETURN_20260701_134554077_5446496f\FULL_OUTPUT.txt","FULL_OUTPUT.txt","P0_PC_AGENT_ROUTING_CORE",".txt","e3b0c44298fc1c149afbf4c8996fb92427ae41e4649b934ca495991b7852b855","e3b0c44298fc1c149afbf4c8996fb92427ae41e4649b934ca495991b7852b855","True","0","PASS_NO_COMPILE_CHECK_REQUIRED","","PROMOTION_CANDIDATE"
"D:\SOURCE FACTORY\_COMMANDER_INBOX\20260701\RETURN_20260701_134624672_da72417a\FULL_OUTPUT.txt","._staging\p0_core_import_20260730_174852\source_files\D\SOURCE_FACTORY\_COMMANDER_INBOX\20260701\RETURN_20260701_134624672_da72417a\FULL_OUTPUT.txt","E:\YOLLA\source-factory-core\_staging\p0_core_import_20260730_174852\source_files\D\SOURCE_FACTORY\_COMMANDER_INBOX\20260701\RETURN_20260701_134624672_da72417a\FULL_OUTPUT.txt","FULL_OUTPUT.txt","P0_PC_AGENT_ROUTING_CORE",".txt","e3b0c44298fc1c149afbf4c8996fb92427ae41e4649b934ca495991b7852b855","e3b0c44298fc1c149afbf4c8996fb92427ae41e4649b934ca495991b7852b855","True","0","PASS_NO_COMPILE_CHECK_REQUIRED","","PROMOTION_CANDIDATE"
"D:\SOURCE FACTORY\_COMMANDER_INBOX\20260701\RETURN_20260701_134624028_71853646\FULL_OUTPUT.txt","._staging\p0_core_import_20260730_174852\source_files\D\SOURCE_FACTORY\_COMMANDER_INBOX\20260701\RETURN_20260701_134624028_71853646\FULL_OUTPUT.txt","E:\YOLLA\source-factory-core\_staging\p0_core_import_20260730_174852\source_files\D\SOURCE_FACTORY\_COMMANDER_INBOX\20260701\RETURN_20260701_134624028_71853646\FULL_OUTPUT.txt","FULL_OUTPUT.txt","P0_PC_AGENT_ROUTING_CORE",".txt","e3b0c44298fc1c149afbf4c8996fb92427ae41e4649b934ca495991b7852b855","e3b0c44298fc1c149afbf4c8996fb92427ae41e4649b934ca495991b7852b855","True","0","PASS_NO_COMPILE_CHECK_REQUIRED","","PROMOTION_CANDIDATE"
"D:\SOURCE FACTORY\_COMMANDER_INBOX\20260701\RETURN_20260701_134554856_a90c8a9c\FULL_OUTPUT.txt","._staging\p0_core_import_20260730_174852\source_files\D\SOURCE_FACTORY\_COMMANDER_INBOX\20260701\RETURN_20260701_134554856_a90c8a9c\FULL_OUTPUT.txt","E:\YOLLA\source-factory-core\_staging\p0_core_import_20260730_174852\source_files\D\SOURCE_FACTORY\_COMMANDER_INBOX\20260701\RETURN_20260701_134554856_a90c8a9c\FULL_OUTPUT.txt","FULL_OUTPUT.txt","P0_PC_AGENT_ROUTING_CORE",".txt","e3b0c44298fc1c149afbf4c8996fb92427ae41e4649b934ca495991b7852b855","e3b0c44298fc1c149afbf4c8996fb92427ae41e4649b934ca495991b7852b855","True","0","PASS_NO_COMPILE_CHECK_REQUIRED","","PROMOTION_CANDIDATE"
"E:\YOLLA\repository\workers\b2\next_integration_v1\B1-NEXT-INTEGRATION-V1-20260726-001\PROHIBITED_ACTION_CHECK.json","._staging\p0_core_import_20260730_174852\source_files\E\YOLLA\repository\workers\b2\next_integration_v1\B1-NEXT-INTEGRATION-V1-20260726-001\PROHIBITED_ACTION_CHECK.json","E:\YOLLA\source-factory-core\_staging\p0_core_import_20260730_174852\source_files\E\YOLLA\repository\workers\b2\next_integration_v1\B1-NEXT-INTEGRATION-V1-20260726-001\PROHIBITED_ACTION_CHECK.json","PROHIBITED_ACTION_CHECK.json","P0_PC_AGENT_ROUTING_CORE",".json","6ebf528f452cd82ded9ad3334429e4966152ae11f860d73a320547bc09f9f591","6ebf528f452cd82ded9ad3334429e4966152ae11f860d73a320547bc09f9f591","True","1043","PASS_JSON_PARSE","","PROMOTION_CANDIDATE"
"D:\SOURCE FACTORY\assembled\20260701_11_STAGE3_WORKER_INSTRUCTION_DISPLAY_FIX_APP\src\core\promptBuilder.js","._staging\p0_core_import_20260730_174852\source_files\D\SOURCE_FACTORY\assembled\20260701_11_STAGE3_WORKER_INSTRUCTION_DISPLAY_FIX_APP\src\core\promptBuilder.js","E:\YOLLA\source-factory-core\_staging\p0_core_import_20260730_174852\source_files\D\SOURCE_FACTORY\assembled\20260701_11_STAGE3_WORKER_INSTRUCTION_DISPLAY_FIX_APP\src\core\promptBuilder.js","promptBuilder.js","P0_PC_AGENT_ROUTING_CORE",".js","b9cd9a2895d0a6fc70172875bba25659a59e11753a95b71ff9ab9445db8e08de","b9cd9a2895d0a6fc70172875bba25659a59e11753a95b71ff9ab9445db8e08de","True","10655","PASS_NODE_CHECK","","PROMOTION_CANDIDATE"
"D:\SOURCE FACTORY\assembled\20260701_12_STAGE3_WORKER_RETURN_INPUT_FIX_APP\src\core\promptBuilder.js","._staging\p0_core_import_20260730_174852\source_files\D\SOURCE_FACTORY\assembled\20260701_12_STAGE3_WORKER_RETURN_INPUT_FIX_APP\src\core\promptBuilder.js","E:\YOLLA\source-factory-core\_staging\p0_core_import_20260730_174852\source_files\D\SOURCE_FACTORY\assembled\20260701_12_STAGE3_WORKER_RETURN_INPUT_FIX_APP\src\core\promptBuilder.js","promptBuilder.js","P0_PC_AGENT_ROUTING_CORE",".js","b9cd9a2895d0a6fc70172875bba25659a59e11753a95b71ff9ab9445db8e08de","b9cd9a2895d0a6fc70172875bba25659a59e11753a95b71ff9ab9445db8e08de","True","10655","PASS_NODE_CHECK","","PROMOTION_CANDIDATE"
"D:\SOURCE FACTORY\assembled\20260701_10_STAGE3_WORKER_INBOX_RETURN_FIX_APP\src\core\promptBuilder.js","._staging\p0_core_import_20260730_174852\source_files\D\SOURCE_FACTORY\assembled\20260701_10_STAGE3_WORKER_INBOX_RETURN_FIX_APP\src\core\promptBuilder.js","E:\YOLLA\source-factory-core\_staging\p0_core_import_20260730_174852\source_files\D\SOURCE_FACTORY\assembled\20260701_10_STAGE3_WORKER_INBOX_RETURN_FIX_APP\src\core\promptBuilder.js","promptBuilder.js","P0_PC_AGENT_ROUTING_CORE",".js","b9cd9a2895d0a6fc70172875bba25659a59e11753a95b71ff9ab9445db8e08de","b9cd9a2895d0a6fc70172875bba25659a59e11753a95b71ff9ab9445db8e08de","True","10655","PASS_NODE_CHECK","","PROMOTION_CANDIDATE"
"D:\SOURCE FACTORY\assembled\20260701_06_STAGE3_WORKER_OUTPUT_SYNTAX_HOTFIX_RUNTIME_APP\src\core\promptBuilder.js","._staging\p0_core_import_20260730_174852\source_files\D\SOURCE_FACTORY\assembled\20260701_06_STAGE3_WORKER_OUTPUT_SYNTAX_HOTFIX_RUNTIME_APP\src\core\promptBuilder.js","E:\YOLLA\source-factory-core\_staging\p0_core_import_20260730_174852\source_files\D\SOURCE_FACTORY\assembled\20260701_06_STAGE3_WORKER_OUTPUT_SYNTAX_HOTFIX_RUNTIME_APP\src\core\promptBuilder.js","promptBuilder.js","P0_PC_AGENT_ROUTING_CORE",".js","b9cd9a2895d0a6fc70172875bba25659a59e11753a95b71ff9ab9445db8e08de","b9cd9a2895d0a6fc70172875bba25659a59e11753a95b71ff9ab9445db8e08de","True","10655","PASS_NODE_CHECK","","PROMOTION_CANDIDATE"
"D:\SOURCE FACTORY\assembled\20260701_13_STAGE3_COMMANDER_RETURN_INBOX_REFRESH_FIX_APP\src\core\promptBuilder.js","._staging\p0_core_import_20260730_174852\source_files\D\SOURCE_FACTORY\assembled\20260701_13_STAGE3_COMMANDER_RETURN_INBOX_REFRESH_FIX_APP\src\core\promptBuilder.js","E:\YOLLA\source-factory-core\_staging\p0_core_import_20260730_174852\source_files\D\SOURCE_FACTORY\assembled\20260701_13_STAGE3_COMMANDER_RETURN_INBOX_REFRESH_FIX_APP\src\core\promptBuilder.js","promptBuilder.js","P0_PC_AGENT_ROUTING_CORE",".js","b9cd9a2895d0a6fc70172875bba25659a59e11753a95b71ff9ab9445db8e08de","b9cd9a2895d0a6fc70172875bba25659a59e11753a95b71ff9ab9445db8e08de","True","10655","PASS_NODE_CHECK","","PROMOTION_CANDIDATE"
"E:\YOLLA\repository\out\YOLLA_W08_W09_W10_PARALLEL_WORKER_PACKAGE\YOLLA_W08_W09_W10_PARALLEL_WORKER_PACKAGE\README.md","._staging\p0_core_import_20260730_174852\source_files\E\YOLLA\repository\out\YOLLA_W08_W09_W10_PARALLEL_WORKER_PACKAGE\YOLLA_W08_W09_W10_PARALLEL_WORKER_PACKAGE\README.md","E:\YOLLA\source-factory-core\_staging\p0_core_import_20260730_174852\source_files\E\YOLLA\repository\out\YOLLA_W08_W09_W10_PARALLEL_WORKER_PACKAGE\YOLLA_W08_W09_W10_PARALLEL_WORKER_PACKAGE\README.md","README.md","P0_PC_AGENT_ROUTING_CORE",".md","5643acd1a7c00031459720b717cba6eb660293a7cb9c7f6c815091f4b90a8897","5643acd1a7c00031459720b717cba6eb660293a7cb9c7f6c815091f4b90a8897","True","1000","PASS_NO_COMPILE_CHECK_REQUIRED","","PROMOTION_CANDIDATE"
"E:\YOLLA\repository\workers\b2\actual_pc_event_automation_e_drive_state_v1\src\yolla_pc_agent\resource_doctor.py","._staging\p0_core_import_20260730_174852\source_files\E\YOLLA\repository\workers\b2\actual_pc_event_automation_e_drive_state_v1\src\yolla_pc_agent\resource_doctor.py","E:\YOLLA\source-factory-core\_staging\p0_core_import_20260730_174852\source_files\E\YOLLA\repository\workers\b2\actual_pc_event_automation_e_drive_state_v1\src\yolla_pc_agent\resource_doctor.py","resource_doctor.py","P0_PC_AGENT_ROUTING_CORE",".py","91f4d5cee4fb08e34a2c75fbb3d41ff8a0b2a583dead63a511283a3b50b15d70","91f4d5cee4fb08e34a2c75fbb3d41ff8a0b2a583dead63a511283a3b50b15d70","True","1024","PASS_PY_COMPILE","","PROMOTION_CANDIDATE"
"D:\SOURCE FACTORY\assembled\20260701_14_STAGE3_COMMANDER_RETURN_MESSAGE_VIEW_FIX_APP\_ASSEMBLY_REPORTS\SOURCE_EXTRACTION_REPORT.md","._staging\p0_core_import_20260730_174852\source_files\D\SOURCE_FACTORY\assembled\20260701_14_STAGE3_COMMANDER_RETURN_MESSAGE_VIEW_FIX_APP\_ASSEMBLY_REPORTS\SOURCE_EXTRACTION_REPORT.md","E:\YOLLA\source-factory-core\_staging\p0_core_import_20260730_174852\source_files\D\SOURCE_FACTORY\assembled\20260701_14_STAGE3_COMMANDER_RETURN_MESSAGE_VIEW_FIX_APP\_ASSEMBLY_REPORTS\SOURCE_EXTRACTION_REPORT.md","SOURCE_EXTRACTION_REPORT.md","P0_PC_AGENT_ROUTING_CORE",".md","f2822066cec8589331342a5727f9f03b24e2c4b52005f3012da743aa17f7b578","f2822066cec8589331342a5727f9f03b24e2c4b52005f3012da743aa17f7b578","True","10367","PASS_NO_COMPILE_CHECK_REQUIRED","","PROMOTION_CANDIDATE"
"D:\SOURCE FACTORY\assembled\20260701_06_STAGE3_WORKER_OUTPUT_SYNTAX_HOTFIX_RUNTIME_APP\_ASSEMBLY_REPORTS\SOURCE_EXTRACTION_REPORT.md","._staging\p0_core_import_20260730_174852\source_files\D\SOURCE_FACTORY\assembled\20260701_06_STAGE3_WORKER_OUTPUT_SYNTAX_HOTFIX_RUNTIME_APP\_ASSEMBLY_REPORTS\SOURCE_EXTRACTION_REPORT.md","E:\YOLLA\source-factory-core\_staging\p0_core_import_20260730_174852\source_files\D\SOURCE_FACTORY\assembled\20260701_06_STAGE3_WORKER_OUTPUT_SYNTAX_HOTFIX_RUNTIME_APP\_ASSEMBLY_REPORTS\SOURCE_EXTRACTION_REPORT.md","SOURCE_EXTRACTION_REPORT.md","P0_PC_AGENT_ROUTING_CORE",".md","f2822066cec8589331342a5727f9f03b24e2c4b52005f3012da743aa17f7b578","f2822066cec8589331342a5727f9f03b24e2c4b52005f3012da743aa17f7b578","True","10367","PASS_NO_COMPILE_CHECK_REQUIRED","","PROMOTION_CANDIDATE"
"D:\SOURCE FACTORY\assembled\20260701_13_STAGE3_COMMANDER_RETURN_INBOX_REFRESH_FIX_APP\_ASSEMBLY_REPORTS\SOURCE_EXTRACTION_REPORT.md","._staging\p0_core_import_20260730_174852\source_files\D\SOURCE_FACTORY\assembled\20260701_13_STAGE3_COMMANDER_RETURN_INBOX_REFRESH_FIX_APP\_ASSEMBLY_REPORTS\SOURCE_EXTRACTION_REPORT.md","E:\YOLLA\source-factory-core\_staging\p0_core_import_20260730_174852\source_files\D\SOURCE_FACTORY\assembled\20260701_13_STAGE3_COMMANDER_RETURN_INBOX_REFRESH_FIX_APP\_ASSEMBLY_REPORTS\SOURCE_EXTRACTION_REPORT.md","SOURCE_EXTRACTION_REPORT.md","P0_PC_AGENT_ROUTING_CORE",".md","f2822066cec8589331342a5727f9f03b24e2c4b52005f3012da743aa17f7b578","f2822066cec8589331342a5727f9f03b24e2c4b52005f3012da743aa17f7b578","True","10367","PASS_NO_COMPILE_CHECK_REQUIRED","","PROMOTION_CANDIDATE"
"D:\SOURCE FACTORY\assembled\20260701_10_STAGE3_WORKER_INBOX_RETURN_FIX_APP\_ASSEMBLY_REPORTS\SOURCE_EXTRACTION_REPORT.md","._staging\p0_core_import_20260730_174852\source_files\D\SOURCE_FACTORY\assembled\20260701_10_STAGE3_WORKER_INBOX_RETURN_FIX_APP\_ASSEMBLY_REPORTS\SOURCE_EXTRACTION_REPORT.md","E:\YOLLA\source-factory-core\_staging\p0_core_import_20260730_174852\source_files\D\SOURCE_FACTORY\assembled\20260701_10_STAGE3_WORKER_INBOX_RETURN_FIX_APP\_ASSEMBLY_REPORTS\SOURCE_EXTRACTION_REPORT.md","SOURCE_EXTRACTION_REPORT.md","P0_PC_AGENT_ROUTING_CORE",".md","f2822066cec8589331342a5727f9f03b24e2c4b52005f3012da743aa17f7b578","f2822066cec8589331342a5727f9f03b24e2c4b52005f3012da743aa17f7b578","True","10367","PASS_NO_COMPILE_CHECK_REQUIRED","","PROMOTION_CANDIDATE"
"D:\SOURCE FACTORY\assembled\20260701_11_STAGE3_WORKER_INSTRUCTION_DISPLAY_FIX_APP\_ASSEMBLY_REPORTS\SOURCE_EXTRACTION_REPORT.md","._staging\p0_core_import_20260730_174852\source_files\D\SOURCE_FACTORY\assembled\20260701_11_STAGE3_WORKER_INSTRUCTION_DISPLAY_FIX_APP\_ASSEMBLY_REPORTS\SOURCE_EXTRACTION_REPORT.md","E:\YOLLA\source-factory-core\_staging\p0_core_import_20260730_174852\source_files\D\SOURCE_FACTORY\assembled\20260701_11_STAGE3_WORKER_INSTRUCTION_DISPLAY_FIX_APP\_ASSEMBLY_REPORTS\SOURCE_EXTRACTION_REPORT.md","SOURCE_EXTRACTION_REPORT.md","P0_PC_AGENT_ROUTING_CORE",".md","f2822066cec8589331342a5727f9f03b24e2c4b52005f3012da743aa17f7b578","f2822066cec8589331342a5727f9f03b24e2c4b52005f3012da743aa17f7b578","True","10367","PASS_NO_COMPILE_CHECK_REQUIRED","","PROMOTION_CANDIDATE"
"D:\SOURCE FACTORY\assembled\20260701_12_STAGE3_WORKER_RETURN_INPUT_FIX_APP\_ASSEMBLY_REPORTS\SOURCE_EXTRACTION_REPORT.md","._staging\p0_core_import_20260730_174852\source_files\D\SOURCE_FACTORY\assembled\20260701_12_STAGE3_WORKER_RETURN_INPUT_FIX_APP\_ASSEMBLY_REPORTS\SOURCE_EXTRACTION_REPORT.md","E:\YOLLA\source-factory-core\_staging\p0_core_import_20260730_174852\source_files\D\SOURCE_FACTORY\assembled\20260701_12_STAGE3_WORKER_RETURN_INPUT_FIX_APP\_ASSEMBLY_REPORTS\SOURCE_EXTRACTION_REPORT.md","SOURCE_EXTRACTION_REPORT.md","P0_PC_AGENT_ROUTING_CORE",".md","f2822066cec8589331342a5727f9f03b24e2c4b52005f3012da743aa17f7b578","f2822066cec8589331342a5727f9f03b24e2c4b52005f3012da743aa17f7b578","True","10367","PASS_NO_COMPILE_CHECK_REQUIRED","","PROMOTION_CANDIDATE"
"D:\SOURCE FACTORY\assembled\20260701_15_STAGE3_WORKER_RETURN_SEND_RESTORE_APP\_ASSEMBLY_REPORTS\SOURCE_EXTRACTION_REPORT.md","._staging\p0_core_import_20260730_174852\source_files\D\SOURCE_FACTORY\assembled\20260701_15_STAGE3_WORKER_RETURN_SEND_RESTORE_APP\_ASSEMBLY_REPORTS\SOURCE_EXTRACTION_REPORT.md","E:\YOLLA\source-factory-core\_staging\p0_core_import_20260730_174852\source_files\D\SOURCE_FACTORY\assembled\20260701_15_STAGE3_WORKER_RETURN_SEND_RESTORE_APP\_ASSEMBLY_REPORTS\SOURCE_EXTRACTION_REPORT.md","SOURCE_EXTRACTION_REPORT.md","P0_PC_AGENT_ROUTING_CORE",".md","f2822066cec8589331342a5727f9f03b24e2c4b52005f3012da743aa17f7b578","f2822066cec8589331342a5727f9f03b24e2c4b52005f3012da743aa17f7b578","True","10367","PASS_NO_COMPILE_CHECK_REQUIRED","","PROMOTION_CANDIDATE"
"E:\YOLLA\repository\workers\b2\actual_api_db_staging_v1\SOURCE_MANIFEST_V2.json","._staging\p0_core_import_20260730_174852\source_files\E\YOLLA\repository\workers\b2\actual_api_db_staging_v1\SOURCE_MANIFEST_V2.json","E:\YOLLA\source-factory-core\_staging\p0_core_import_20260730_174852\source_files\E\YOLLA\repository\workers\b2\actual_api_db_staging_v1\SOURCE_MANIFEST_V2.json","SOURCE_MANIFEST_V2.json","P0_PC_AGENT_ROUTING_CORE",".json","4c5ce5abb20712204958a06b1831e4aea1f50ca6c564e4f54c14c8ab09024f88","4c5ce5abb20712204958a06b1831e4aea1f50ca6c564e4f54c14c8ab09024f88","True","1055","PASS_JSON_PARSE","","PROMOTION_CANDIDATE"
